specialist_score,specialist_cycle,cm_true_positive,cm_false_positive,cm_false_negative,cm_true_negative,gen
0,fit,,,,,700
0,score,,,,,701
0.24,fit,11,8,30,1,702
0.24,score,11,8,30,1,703
0.26,fit,11,7,30,2,704
0.26,score,11,7,30,2,705
0.46,fit,20,7,20,3,706
0.46,score,20,7,20,3,707
0.2,fit,4,14,26,6,708
0.2,score,4,14,26,6,709
0.24,fit,7,7,31,5,710
0.24,score,7,7,31,5,711
0.42,fit,21,8,21,0,712
0.42,score,21,8,21,0,713
0.36,fit,13,6,26,5,714
0.36,score,13,6,26,5,715
0.38,fit,13,5,26,6,716
0.38,score,13,5,26,6,717
0.34,fit,11,9,24,6,718
0.34,score,11,9,24,6,719
0.24,fit,6,12,26,6,720
0.24,score,6,12,26,6,721
0.44,fit,12,10,18,10,722
0.44,score,12,10,18,10,723
0.36,fit,13,8,24,5,724
0.36,score,13,8,24,5,725
0.34,fit,7,8,25,10,726
0.34,score,7,8,25,10,727
0.46,fit,15,7,20,8,728
0.46,score,15,7,20,8,729
0.5,fit,14,12,13,11,730
0.5,score,14,12,13,11,731
0.44,fit,12,8,20,10,732
0.44,score,12,8,20,10,733
0.4,fit,10,13,17,10,734
0.4,score,10,13,17,10,735
0.36,fit,10,17,15,8,736
0.36,score,10,17,15,8,737
0.54,fit,9,9,14,18,738
0.54,score,9,9,14,18,739
0.5,fit,6,8,17,19,740
0.5,score,6,8,17,19,741
0.6,fit,11,8,12,19,742
0.6,score,11,8,12,19,743
0.58,fit,13,13,8,16,744
0.58,score,13,13,8,16,745
0.46,fit,7,13,14,16,746
0.46,score,7,13,14,16,747
0.58,fit,9,12,9,20,748
0.58,score,9,12,9,20,749
0.58,fit,12,12,9,17,750
0.58,score,12,12,9,17,751
0.62,fit,6,12,7,25,752
0.62,score,6,12,7,25,753
0.78,score,13,7,4,26,754
0.64,fit,7,11,7,25,755
0.64,score,7,11,7,25,756
0.64,fit,8,16,2,24,757
0.64,score,8,16,2,24,758
0.64,fit,9,16,2,23,759
0.64,score,9,16,2,23,760
0.78,score,6,9,2,33,761
0.64,fit,4,14,4,28,762
0.64,score,4,14,4,28,763
0.7,score,9,12,3,26,764
0.68,fit,9,15,1,25,765
0.68,score,9,15,1,25,766
0.72,score,8,12,2,28,767
0.7,score,5,15,0,30,768
0.68,fit,3,13,3,31,769
0.68,score,3,13,3,31,770
0.64,fit,3,17,1,29,771
0.64,score,3,17,1,29,772
0.66,fit,6,15,2,27,773
0.66,score,6,15,2,27,774
0.7,score,4,14,1,31,775
0.54,fit,6,22,1,21,776
0.54,score,6,22,1,21,777
0.7,score,6,14,1,29,778
0.72,score,7,14,0,29,779
0.76,score,4,12,0,34,780
0.78,score,4,11,0,35,781
0.74,score,9,13,0,28,782
0.7,score,7,15,0,28,783
0.64,fit,2,17,1,30,784
0.64,score,2,17,1,30,785
0.7,score,4,15,0,31,786
0.8,score,3,9,1,37,787
0.64,fit,4,17,1,28,788
0.64,score,4,17,1,28,789
0.76,score,3,12,0,35,790
0.7,score,2,15,0,33,791
0.66,fit,1,17,0,32,792
0.66,score,1,17,0,32,793
0.74,score,3,11,2,34,794
0.78,score,6,11,0,33,795
0.74,score,1,13,0,36,796
0.78,score,3,11,0,36,797
0.66,fit,3,17,0,30,798
0.66,score,3,17,0,30,799
0.68,fit,3,15,1,31,800
0.68,score,3,15,1,31,801
0.76,score,3,12,0,35,802
0.66,fit,6,17,0,27,803
0.66,score,6,17,0,27,804
0.72,score,5,14,0,31,805
0.84,score,3,8,0,39,806
0.62,fit,1,18,1,30,807
0.62,score,1,18,1,30,808
0.64,fit,1,18,0,31,809
0.64,score,1,18,0,31,810
0.74,score,6,13,0,31,811
0.64,fit,0,18,0,32,812
0.64,score,0,18,0,32,813
0.74,score,1,13,0,36,814
0.7,score,1,15,0,34,815
0.62,fit,1,19,0,30,816
0.62,score,1,19,0,30,817
0.52,fit,0,24,0,26,818
0.52,score,0,24,0,26,819
0.7,score,0,15,0,35,820
0.62,fit,0,19,0,31,821
0.62,score,0,19,0,31,822
0.7,score,2,15,0,33,823
0.62,fit,1,19,0,30,824
0.62,score,1,19,0,30,825
0.52,fit,1,24,0,25,826
0.52,score,1,24,0,25,827
0.66,fit,0,17,0,33,828
0.66,score,0,17,0,33,829
0.6,fit,1,20,0,29,830
0.6,score,1,20,0,29,831
0.68,fit,1,16,0,33,832
0.68,score,1,16,0,33,833
0.68,fit,0,16,0,34,834
0.68,score,0,16,0,34,835
0.58,fit,1,22,0,27,836
0.58,score,1,22,0,27,837
0.62,fit,1,19,0,30,838
0.62,score,1,19,0,30,839
0.62,fit,0,19,0,31,840
0.62,score,0,19,0,31,841
0.54,fit,0,23,0,27,842
0.54,score,0,23,0,27,843
0.68,fit,0,16,0,34,844
0.68,score,0,16,0,34,845
0.64,fit,1,18,0,31,846
0.64,score,1,18,0,31,847
0.8,score,0,10,0,40,848
0.76,score,0,12,0,38,849
0.48,fit,0,26,0,24,850
0.48,score,0,26,0,24,851
0.58,fit,0,21,0,29,852
0.58,score,0,21,0,29,853
0.64,fit,0,18,0,32,854
0.64,score,0,18,0,32,855
0.62,fit,0,19,0,31,856
0.62,score,0,19,0,31,857
0.74,score,0,13,0,37,858
0.68,fit,0,16,0,34,859
0.68,score,0,16,0,34,860
0.66,fit,0,17,0,33,861
0.66,score,0,17,0,33,862
0.6,fit,0,20,0,30,863
0.6,score,0,20,0,30,864
0.62,fit,0,19,0,31,865
0.62,score,0,19,0,31,866
0.72,score,0,14,0,36,867
0.64,fit,0,18,0,32,868
0.64,score,0,18,0,32,869
0.52,fit,0,24,0,26,870
0.52,score,0,24,0,26,871
0.62,fit,0,19,0,31,872
0.62,score,0,19,0,31,873
0.62,fit,0,19,0,31,874
0.62,score,0,19,0,31,875
0.64,fit,0,18,0,32,876
0.64,score,0,18,0,32,877
0.68,fit,0,16,0,34,878
0.68,score,0,16,0,34,879
0.6,fit,0,20,0,30,880
0.6,score,0,20,0,30,881
0.72,score,1,14,0,35,882
0.6,fit,0,20,0,30,883
0.6,score,0,20,0,30,884
0.58,fit,1,21,0,28,885
0.58,score,1,21,0,28,886
0.64,fit,0,18,0,32,887
0.64,score,0,18,0,32,888
0.54,fit,1,23,0,26,889
0.54,score,1,23,0,26,890
0.7,score,0,15,0,35,891
0.68,fit,0,16,0,34,892
0.68,score,0,16,0,34,893
0.74,score,1,13,0,36,894
0.6,fit,0,20,0,30,895
0.6,score,0,20,0,30,896
0.8,score,0,10,0,40,897
0.72,score,0,14,0,36,898
0.54,fit,0,23,0,27,899
0.54,score,0,23,0,27,900
0.56,fit,0,22,0,28,901
0.56,score,0,22,0,28,902
0.74,score,0,13,0,37,903
0.74,score,0,13,0,37,904
0.7,score,0,15,0,35,905
0.72,score,0,14,0,36,906
0.64,fit,0,18,0,32,907
0.64,score,0,18,0,32,908
0.68,fit,0,16,0,34,909
0.68,score,0,16,0,34,910
0.68,fit,0,16,0,34,911
0.68,score,0,16,0,34,912
0.68,fit,0,16,0,34,913
0.68,score,0,16,0,34,914
0.76,score,0,12,0,38,915
0.6,fit,0,20,0,30,916
0.6,score,0,20,0,30,917
0.6,fit,0,20,0,30,918
0.6,score,0,20,0,30,919
0.6,fit,0,20,0,30,920
0.6,score,0,20,0,30,921
0.64,fit,0,18,0,32,922
0.64,score,0,18,0,32,923
0.64,fit,0,18,0,32,924
0.64,score,0,18,0,32,925
0.62,fit,0,19,0,31,926
0.62,score,0,19,0,31,927
0.62,fit,0,19,0,31,928
0.62,score,0,19,0,31,929
0.6,fit,0,20,0,30,930
0.6,score,0,20,0,30,931
0.54,fit,0,23,0,27,932
0.54,score,0,23,0,27,933
0.66,fit,0,17,0,33,934
0.66,score,0,17,0,33,935
0.68,fit,0,16,0,34,936
0.68,score,0,16,0,34,937
0.58,fit,0,21,0,29,938
0.58,score,0,21,0,29,939
0.66,fit,0,17,0,33,940
0.66,score,0,17,0,33,941
0.68,fit,0,16,0,34,942
0.68,score,0,16,0,34,943
0.66,fit,0,17,0,33,944
0.66,score,0,17,0,33,945
0.68,fit,1,16,0,33,946
0.68,score,1,16,0,33,947
0.66,fit,0,17,0,33,948
0.66,score,0,17,0,33,949
0.62,fit,0,19,0,31,950
0.62,score,0,19,0,31,951
0.64,fit,0,18,0,32,952
0.64,score,0,18,0,32,953
0.62,fit,0,19,0,31,954
0.62,score,0,19,0,31,955
0.6,fit,0,20,0,30,956
0.6,score,0,20,0,30,957
0.66,fit,0,17,0,33,958
0.66,score,0,17,0,33,959
0.68,fit,0,16,0,34,960
0.68,score,0,16,0,34,961
0.64,fit,0,18,0,32,962
0.64,score,0,18,0,32,963
0.64,fit,0,18,0,32,964
0.64,score,0,18,0,32,965
0.68,fit,0,16,0,34,966
0.68,score,0,16,0,34,967
0.74,score,0,13,0,37,968
0.64,fit,0,18,0,32,969
0.64,score,0,18,0,32,970
0.72,score,0,14,0,36,971
0.64,fit,0,18,0,32,972
0.64,score,0,18,0,32,973
0.54,fit,0,23,0,27,974
0.54,score,0,23,0,27,975
0.64,fit,0,18,0,32,976
0.64,score,0,18,0,32,977
0.56,fit,0,22,0,28,978
0.56,score,0,22,0,28,979
0.72,score,0,14,0,36,980
0.7,score,0,15,0,35,981
0.68,fit,0,16,0,34,982
0.68,score,0,16,0,34,983
0.68,fit,0,16,0,34,984
0.68,score,0,16,0,34,985
0.68,fit,0,16,0,34,986
0.68,score,0,16,0,34,987
0.58,fit,0,21,0,29,988
0.58,score,0,21,0,29,989
0.68,fit,0,16,0,34,990
0.68,score,0,16,0,34,991
0.66,fit,0,17,0,33,992
0.66,score,0,17,0,33,993
0.82,score,0,9,0,41,994
0.6,fit,0,20,0,30,995
0.6,score,0,20,0,30,996
0.72,score,0,14,0,36,997
0.66,fit,0,17,0,33,998
0.66,score,0,17,0,33,999
0.64,fit,0,18,0,32,1000
0.64,score,0,18,0,32,1001
0.56,fit,0,22,0,28,1002
0.56,score,0,22,0,28,1003
0.6,fit,0,20,0,30,1004
0.6,score,0,20,0,30,1005
0.74,score,0,13,0,37,1006
0.7,score,0,15,0,35,1007
0.54,fit,0,23,0,27,1008
0.54,score,0,23,0,27,1009
0.68,fit,0,16,0,34,1010
0.68,score,0,16,0,34,1011
0.68,fit,0,16,0,34,1012
0.68,score,0,16,0,34,1013
0.6,fit,0,20,0,30,1014
0.6,score,0,20,0,30,1015
0.62,fit,0,19,0,31,1016
0.62,score,0,19,0,31,1017
0.68,fit,0,16,0,34,1018
0.68,score,0,16,0,34,1019
0.72,score,0,14,0,36,1020
0.74,score,0,13,0,37,1021
0.72,score,0,14,0,36,1022
0.7,score,0,15,0,35,1023
0.62,fit,0,19,0,31,1024
0.62,score,0,19,0,31,1025
0.62,fit,0,19,0,31,1026
0.62,score,0,19,0,31,1027
0.6,fit,0,20,0,30,1028
0.6,score,0,20,0,30,1029
0.66,fit,0,17,0,33,1030
0.66,score,0,17,0,33,1031
0.66,fit,0,17,0,33,1032
0.66,score,0,17,0,33,1033
0.68,fit,0,16,0,34,1034
0.68,score,0,16,0,34,1035
0.66,fit,0,17,0,33,1036
0.66,score,0,17,0,33,1037
0.72,score,0,14,0,36,1038
0.6,fit,0,20,0,30,1039
0.6,score,0,20,0,30,1040
0.64,fit,0,18,0,32,1041
0.64,score,0,18,0,32,1042
0.68,fit,0,16,0,34,1043
0.68,score,0,16,0,34,1044
0.66,fit,0,17,0,33,1045
0.66,score,0,17,0,33,1046
0.66,fit,0,17,0,33,1047
0.66,score,0,17,0,33,1048
0.56,fit,0,22,0,28,1049
0.56,score,0,22,0,28,1050
0.56,fit,0,22,0,28,1051
0.56,score,0,22,0,28,1052
0.72,score,0,14,0,36,1053
0.74,score,0,13,0,37,1054
0.64,fit,0,18,0,32,1055
0.64,score,0,18,0,32,1056
0.74,score,0,13,0,37,1057
0.8,score,0,10,0,40,1058
0.56,fit,0,22,0,28,1059
0.56,score,0,22,0,28,1060
0.72,score,0,14,0,36,1061
0.66,fit,0,17,0,33,1062
0.66,score,0,17,0,33,1063
0.66,fit,0,17,0,33,1064
0.66,score,0,17,0,33,1065
0.68,fit,0,16,0,34,1066
0.68,score,0,16,0,34,1067
0.74,score,0,13,0,37,1068
0.64,fit,0,18,0,32,1069
0.64,score,0,18,0,32,1070
0.7,score,0,15,0,35,1071
0.66,fit,0,17,0,33,1072
0.66,score,0,17,0,33,1073
0.74,score,0,13,0,37,1074
0.54,fit,0,23,0,27,1075
0.54,score,0,23,0,27,1076
0.74,score,0,13,0,37,1077
0.62,fit,0,19,0,31,1078
0.62,score,0,19,0,31,1079
0.6,fit,0,20,0,30,1080
0.6,score,0,20,0,30,1081
0.66,fit,0,17,0,33,1082
0.66,score,0,17,0,33,1083
0.58,fit,0,21,0,29,1084
0.58,score,0,21,0,29,1085
0.7,score,0,15,0,35,1086
0.64,fit,0,18,0,32,1087
0.64,score,0,18,0,32,1088
0.72,score,0,14,0,36,1089
0.74,score,0,13,0,37,1090
0.64,fit,0,18,0,32,1091
0.64,score,0,18,0,32,1092
0.62,fit,0,19,0,31,1093
0.62,score,0,19,0,31,1094
0.58,fit,0,21,0,29,1095
0.58,score,0,21,0,29,1096
0.62,fit,0,19,0,31,1097
0.62,score,0,19,0,31,1098
0.84,score,0,8,0,42,1099
0.64,fit,0,18,0,32,1100
0.64,score,0,18,0,32,1101
0.66,fit,0,17,0,33,1102
0.66,score,0,17,0,33,1103
0.76,score,0,12,0,38,1104
0.64,fit,0,18,0,32,1105
0.64,score,0,18,0,32,1106
0.64,fit,0,18,0,32,1107
0.64,score,0,18,0,32,1108
0.74,score,0,13,0,37,1109
0.68,fit,0,16,0,34,1110
0.68,score,0,16,0,34,1111
0.78,score,0,11,0,39,1112
0.62,fit,0,19,0,31,1113
0.62,score,0,19,0,31,1114
0.64,fit,0,18,0,32,1115
0.64,score,0,18,0,32,1116
0.72,score,0,14,0,36,1117
0.64,fit,0,18,0,32,1118
0.64,score,0,18,0,32,1119
0.56,fit,0,22,0,28,1120
0.56,score,0,22,0,28,1121
0.64,fit,0,18,0,32,1122
0.64,score,0,18,0,32,1123
0.64,fit,0,18,0,32,1124
0.64,score,0,18,0,32,1125
0.52,fit,0,24,0,26,1126
0.52,score,0,24,0,26,1127
0.66,fit,0,17,0,33,1128
0.66,score,0,17,0,33,1129
0.66,fit,0,17,0,33,1130
0.66,score,0,17,0,33,1131
0.62,fit,0,19,0,31,1132
0.62,score,0,19,0,31,1133
0.76,score,0,12,0,38,1134
0.72,score,0,14,0,36,1135
0.64,fit,0,18,0,32,1136
0.64,score,0,18,0,32,1137
0.7,score,0,15,0,35,1138
0.64,fit,0,18,0,32,1139
0.64,score,0,18,0,32,1140
0.66,fit,0,17,0,33,1141
0.66,score,0,17,0,33,1142
0.7,score,0,15,0,35,1143
0.64,fit,0,18,0,32,1144
0.64,score,0,18,0,32,1145
0.66,fit,0,17,0,33,1146
0.66,score,0,17,0,33,1147
0.74,score,0,13,0,37,1148
0.72,score,0,14,0,36,1149
0.74,score,0,13,0,37,1150
0.76,score,0,12,0,38,1151
0.72,score,0,14,0,36,1152
0.66,fit,0,17,0,33,1153
0.66,score,0,17,0,33,1154
0.76,score,0,12,0,38,1155
0.74,score,0,13,0,37,1156
0.76,score,0,12,0,38,1157
0.74,score,0,13,0,37,1158
0.66,fit,0,17,0,33,1159
0.66,score,0,17,0,33,1160
0.76,score,0,12,0,38,1161
0.66,fit,0,17,0,33,1162
0.66,score,0,17,0,33,1163
0.74,score,0,13,0,37,1164
0.72,score,0,14,0,36,1165
0.76,score,0,12,0,38,1166
0.68,fit,0,16,0,34,1167
0.68,score,0,16,0,34,1168
0.7,score,0,15,0,35,1169
0.8,score,0,10,0,40,1170
0.58,fit,0,21,0,29,1171
0.58,score,0,21,0,29,1172
0.58,fit,0,21,0,29,1173
0.58,score,0,21,0,29,1174
0.74,score,0,13,0,37,1175
0.62,fit,0,19,0,31,1176
0.62,score,0,19,0,31,1177
0.72,score,0,14,0,36,1178
0.78,score,0,11,0,39,1179
0.68,fit,0,16,0,34,1180
0.68,score,0,16,0,34,1181
0.64,fit,0,18,0,32,1182
0.64,score,0,18,0,32,1183
0.68,fit,0,16,0,34,1184
0.68,score,0,16,0,34,1185
0.68,fit,0,16,0,34,1186
0.68,score,0,16,0,34,1187
0.76,score,0,12,0,38,1188
0.68,fit,0,16,0,34,1189
0.68,score,0,16,0,34,1190
0.68,fit,0,16,0,34,1191
0.68,score,0,16,0,34,1192
0.7,score,0,15,0,35,1193
0.54,fit,0,23,0,27,1194
0.54,score,0,23,0,27,1195
0.68,fit,0,16,0,34,1196
0.68,score,0,16,0,34,1197
0.68,fit,0,16,0,34,1198
0.68,score,0,16,0,34,1199
0.72,score,0,14,0,36,1200
0.78,score,0,11,0,39,1201
0.8,score,0,10,0,40,1202
0.68,fit,0,16,0,34,1203
0.68,score,0,16,0,34,1204
0.8,score,0,10,0,40,1205
0.7,score,0,15,0,35,1206
0.74,score,0,13,0,37,1207
0.58,fit,0,21,0,29,1208
0.58,score,0,21,0,29,1209
0.8,score,0,10,0,40,1210
0.58,fit,0,21,0,29,1211
0.58,score,0,21,0,29,1212
0.7,score,0,15,0,35,1213
0.74,score,0,13,0,37,1214
0.74,score,0,13,0,37,1215
0.62,fit,0,19,0,31,1216
0.62,score,0,19,0,31,1217
0.68,fit,0,16,0,34,1218
0.68,score,0,16,0,34,1219
0.78,score,0,11,0,39,1220
0.78,score,0,11,0,39,1221
0.72,score,0,14,0,36,1222
0.68,fit,0,16,0,34,1223
0.68,score,0,16,0,34,1224
0.72,score,0,14,0,36,1225
0.66,fit,0,17,0,33,1226
0.66,score,0,17,0,33,1227
0.76,score,0,12,0,38,1228
0.64,fit,0,18,0,32,1229
0.64,score,0,18,0,32,1230
0.72,score,0,14,0,36,1231
0.66,fit,0,17,0,33,1232
0.66,score,0,17,0,33,1233
0.64,fit,0,18,0,32,1234
0.64,score,0,18,0,32,1235
0.76,score,0,12,0,38,1236
0.58,fit,0,21,0,29,1237
0.58,score,0,21,0,29,1238
0.68,fit,0,16,0,34,1239
0.68,score,0,16,0,34,1240
0.72,score,0,14,0,36,1241
0.78,score,0,11,0,39,1242
0.7,score,0,15,0,35,1243
0.7,score,0,15,0,35,1244
0.62,fit,0,19,0,31,1245
0.62,score,0,19,0,31,1246
0.7,score,0,15,0,35,1247
0.64,fit,0,18,0,32,1248
0.64,score,0,18,0,32,1249
0.8,score,0,10,0,40,1250
0.62,fit,0,19,0,31,1251
0.62,score,0,19,0,31,1252
0.64,fit,0,18,0,32,1253
0.64,score,0,18,0,32,1254
0.72,score,0,14,0,36,1255
0.72,score,0,14,0,36,1256
0.62,fit,0,19,0,31,1257
0.62,score,0,19,0,31,1258
0.76,score,0,12,0,38,1259
0.62,fit,0,19,0,31,1260
0.62,score,0,19,0,31,1261
0.68,fit,0,16,0,34,1262
0.68,score,0,16,0,34,1263
0.74,score,0,13,0,37,1264
0.68,fit,0,16,0,34,1265
0.68,score,0,16,0,34,1266
0.78,score,0,11,0,39,1267
0.8,score,0,10,0,40,1268
0.7,score,0,15,0,35,1269
0.7,score,0,15,0,35,1270
0.58,fit,0,21,0,29,1271
0.58,score,0,21,0,29,1272
0.74,score,0,13,0,37,1273
0.74,score,0,13,0,37,1274
0.74,score,0,13,0,37,1275
0.7,score,0,15,0,35,1276
0.76,score,0,12,0,38,1277
0.64,fit,0,18,0,32,1278
0.64,score,0,18,0,32,1279
0.74,score,0,13,0,37,1280
0.72,score,0,14,0,36,1281
0.7,score,0,15,0,35,1282
0.56,fit,0,22,0,28,1283
0.56,score,0,22,0,28,1284
0.64,fit,0,18,0,32,1285
0.64,score,0,18,0,32,1286
0.7,score,0,15,0,35,1287
0.82,score,0,9,0,41,1288
0.7,score,0,15,0,35,1289
0.76,score,0,12,0,38,1290
0.74,score,0,13,0,37,1291
0.72,score,0,14,0,36,1292
0.62,fit,0,19,0,31,1293
0.62,score,0,19,0,31,1294
0.7,score,0,15,0,35,1295
0.78,score,0,11,0,39,1296
0.62,fit,0,19,0,31,1297
0.62,score,0,19,0,31,1298
0.74,score,0,13,0,37,1299
0.84,score,0,8,0,42,1300
0.74,score,0,13,0,37,1301
0.66,fit,0,17,0,33,1302
0.66,score,0,17,0,33,1303
0.72,score,0,14,0,36,1304
0.78,score,0,11,0,39,1305
0.84,score,0,8,0,42,1306
0.7,score,0,15,0,35,1307
0.62,fit,0,19,0,31,1308
0.62,score,0,19,0,31,1309
0.72,score,0,14,0,36,1310
0.74,score,0,13,0,37,1311
0.66,fit,0,17,0,33,1312
0.66,score,0,17,0,33,1313
0.72,score,0,14,0,36,1314
0.62,fit,0,19,0,31,1315
0.62,score,0,19,0,31,1316
0.7,score,0,15,0,35,1317
0.7,score,0,15,0,35,1318
0.72,score,0,14,0,36,1319
0.62,fit,0,19,0,31,1320
0.62,score,0,19,0,31,1321
0.66,fit,0,17,0,33,1322
0.66,score,0,17,0,33,1323
0.64,fit,0,18,0,32,1324
0.64,score,0,18,0,32,1325
0.78,score,0,11,0,39,1326
0.62,fit,0,19,0,31,1327
0.62,score,0,19,0,31,1328
0.76,score,0,12,0,38,1329
0.6,fit,0,20,0,30,1330
0.6,score,0,20,0,30,1331
0.68,fit,0,16,0,34,1332
0.68,score,0,16,0,34,1333
0.7,score,0,15,0,35,1334
0.66,fit,0,17,0,33,1335
0.66,score,0,17,0,33,1336
0.76,score,0,12,0,38,1337
0.78,score,0,11,0,39,1338
0.66,fit,0,17,0,33,1339
0.66,score,0,17,0,33,1340
0.66,fit,0,17,0,33,1341
0.66,score,0,17,0,33,1342
0.66,fit,0,17,0,33,1343
0.66,score,0,17,0,33,1344
0.78,score,0,11,0,39,1345
0.66,fit,0,17,0,33,1346
0.66,score,0,17,0,33,1347
0.58,fit,0,21,0,29,1348
0.58,score,0,21,0,29,1349
0.66,fit,0,17,0,33,1350
0.66,score,0,17,0,33,1351
0.7,score,0,15,0,35,1352
0.76,score,0,12,0,38,1353
0.76,score,0,12,0,38,1354
0.8,score,0,10,0,40,1355
0.62,fit,0,19,0,31,1356
0.62,score,0,19,0,31,1357
0.58,fit,0,21,0,29,1358
0.58,score,0,21,0,29,1359
0.66,fit,0,17,0,33,1360
0.66,score,0,17,0,33,1361
0.64,fit,0,18,0,32,1362
0.64,score,0,18,0,32,1363
0.84,score,0,8,0,42,1364
0.62,fit,0,19,0,31,1365
0.62,score,0,19,0,31,1366
0.52,fit,0,24,0,26,1367
0.52,score,0,24,0,26,1368
0.52,fit,0,24,0,26,1369
0.52,score,0,24,0,26,1370
0.62,fit,0,19,0,31,1371
0.62,score,0,19,0,31,1372
0.66,fit,0,17,0,33,1373
0.66,score,0,17,0,33,1374
0.66,fit,0,17,0,33,1375
0.66,score,0,17,0,33,1376
0.66,fit,0,17,0,33,1377
0.66,score,0,17,0,33,1378
0.72,score,0,14,0,36,1379
0.64,fit,0,18,0,32,1380
0.64,score,0,18,0,32,1381
0.62,fit,0,19,0,31,1382
0.62,score,0,19,0,31,1383
0.76,score,0,12,0,38,1384
0.72,score,0,14,0,36,1385
0.68,fit,0,16,0,34,1386
0.68,score,0,16,0,34,1387
0.72,score,0,14,0,36,1388
0.64,fit,0,18,0,32,1389
0.64,score,0,18,0,32,1390
0.74,score,0,13,0,37,1391
0.76,score,0,12,0,38,1392
0.68,fit,0,16,0,34,1393
0.68,score,0,16,0,34,1394
0.68,fit,0,16,0,34,1395
0.68,score,0,16,0,34,1396
0.6,fit,0,20,0,30,1397
0.6,score,0,20,0,30,1398
0.72,score,0,14,0,36,1399
0.78,score,0,11,0,39,1400
0.7,score,0,15,0,35,1401
0.68,fit,0,16,0,34,1402
0.68,score,0,16,0,34,1403
0.82,score,0,9,0,41,1404
0.68,fit,0,16,0,34,1405
0.68,score,0,16,0,34,1406
0.8,score,0,10,0,40,1407
0.74,score,0,13,0,37,1408
0.66,fit,0,17,0,33,1409
0.66,score,0,17,0,33,1410
0.68,fit,0,16,0,34,1411
0.68,score,0,16,0,34,1412
0.68,fit,0,16,0,34,1413
0.68,score,0,16,0,34,1414
0.64,fit,0,18,0,32,1415
0.64,score,0,18,0,32,1416
0.58,fit,0,21,0,29,1417
0.58,score,0,21,0,29,1418
0.78,score,0,11,0,39,1419
0.66,fit,0,17,0,33,1420
0.66,score,0,17,0,33,1421
0.62,fit,0,19,0,31,1422
0.62,score,0,19,0,31,1423
0.74,score,0,13,0,37,1424
0.86,score,0,7,0,43,1425
0.76,score,0,12,0,38,1426
0.7,score,0,15,0,35,1427
0.74,score,0,13,0,37,1428
0.8,score,0,10,0,40,1429
0.64,fit,0,18,0,32,1430
0.64,score,0,18,0,32,1431
0.72,score,0,14,0,36,1432
0.7,score,0,15,0,35,1433
0.72,score,0,14,0,36,1434
0.66,fit,0,17,0,33,1435
0.66,score,0,17,0,33,1436
0.62,fit,0,19,0,31,1437
0.62,score,0,19,0,31,1438
0.78,score,0,11,0,39,1439
0.64,fit,0,18,0,32,1440
0.64,score,0,18,0,32,1441
0.72,score,0,14,0,36,1442
0.7,score,0,15,0,35,1443
0.66,fit,0,17,0,33,1444
0.66,score,0,17,0,33,1445
0.68,fit,0,16,0,34,1446
0.68,score,0,16,0,34,1447
0.72,score,0,14,0,36,1448
0.72,score,0,14,0,36,1449
0.72,score,0,14,0,36,1450
0.8,score,0,10,0,40,1451
0.8,score,0,10,0,40,1452
0.8,score,0,10,0,40,1453
0.68,fit,0,16,0,34,1454
0.68,score,0,16,0,34,1455
0.74,score,0,13,0,37,1456
0.8,score,0,10,0,40,1457
0.6,fit,0,20,0,30,1458
0.6,score,0,20,0,30,1459
0.82,score,0,9,0,41,1460
0.76,score,0,12,0,38,1461
0.74,score,0,13,0,37,1462
0.68,fit,0,16,0,34,1463
0.68,score,0,16,0,34,1464
0.66,fit,0,17,0,33,1465
0.66,score,0,17,0,33,1466
0.64,fit,0,18,0,32,1467
0.64,score,0,18,0,32,1468
0.72,score,0,14,0,36,1469
0.68,fit,0,16,0,34,1470
0.68,score,0,16,0,34,1471
0.68,fit,0,16,0,34,1472
0.68,score,0,16,0,34,1473
0.8,score,0,10,0,40,1474
0.76,score,0,12,0,38,1475
0.78,score,0,11,0,39,1476
0.72,score,0,14,0,36,1477
0.62,fit,0,19,0,31,1478
0.62,score,0,19,0,31,1479
0.82,score,0,9,0,41,1480
0.68,fit,0,16,0,34,1481
0.68,score,0,16,0,34,1482
0.66,fit,0,17,0,33,1483
0.66,score,0,17,0,33,1484
0.72,score,0,14,0,36,1485
0.7,score,0,15,0,35,1486
0.62,fit,0,19,0,31,1487
0.62,score,0,19,0,31,1488
0.7,score,0,15,0,35,1489
0.78,score,0,11,0,39,1490
0.78,score,0,11,0,39,1491
0.72,score,0,14,0,36,1492
0.76,score,0,12,0,38,1493
0.82,score,0,9,0,41,1494
0.7,score,0,15,0,35,1495
0.72,score,0,14,0,36,1496
0.72,score,0,14,0,36,1497
0.76,score,0,12,0,38,1498
0.7,score,0,15,0,35,1499
0.58,fit,0,21,0,29,1500
0.58,score,0,21,0,29,1501
0.68,fit,0,16,0,34,1502
0.68,score,0,16,0,34,1503
0.68,fit,0,16,0,34,1504
0.68,score,0,16,0,34,1505
0.72,score,0,14,0,36,1506
0.72,score,0,14,0,36,1507
0.8,score,0,10,0,40,1508
0.72,score,0,14,0,36,1509
0.7,score,0,15,0,35,1510
0.6,fit,0,20,0,30,1511
0.6,score,0,20,0,30,1512
0.74,score,0,13,0,37,1513
0.7,score,0,15,0,35,1514
0.72,score,0,14,0,36,1515
0.7,score,0,15,0,35,1516
0.72,score,0,14,0,36,1517
0.62,fit,0,19,0,31,1518
0.62,score,0,19,0,31,1519
0.76,score,0,12,0,38,1520
0.64,fit,0,18,0,32,1521
0.64,score,0,18,0,32,1522
0.58,fit,0,21,0,29,1523
0.58,score,0,21,0,29,1524
0.68,fit,0,16,0,34,1525
0.68,score,0,16,0,34,1526
0.76,score,0,12,0,38,1527
0.68,fit,0,16,0,34,1528
0.68,score,0,16,0,34,1529
0.72,score,0,14,0,36,1530
0.66,fit,0,17,0,33,1531
0.66,score,0,17,0,33,1532
0.68,fit,0,16,0,34,1533
0.68,score,0,16,0,34,1534
0.64,fit,0,18,0,32,1535
0.64,score,0,18,0,32,1536
0.78,score,0,11,0,39,1537
0.56,fit,0,22,0,28,1538
0.56,score,0,22,0,28,1539
0.76,score,0,12,0,38,1540
0.64,fit,0,18,0,32,1541
0.64,score,0,18,0,32,1542
0.7,score,0,15,0,35,1543
0.76,score,0,12,0,38,1544
0.68,fit,0,16,0,34,1545
0.68,score,0,16,0,34,1546
0.72,score,0,14,0,36,1547
0.76,score,0,12,0,38,1548
0.64,fit,0,18,0,32,1549
0.64,score,0,18,0,32,1550
0.56,fit,0,22,0,28,1551
0.56,score,0,22,0,28,1552
0.66,fit,0,17,0,33,1553
0.66,score,0,17,0,33,1554
0.78,score,0,11,0,39,1555
0.86,score,0,7,0,43,1556
0.82,score,0,9,0,41,1557
0.72,score,0,14,0,36,1558
0.76,score,0,12,0,38,1559
0.7,score,0,15,0,35,1560
0.6,fit,0,20,0,30,1561
0.6,score,0,20,0,30,1562
0.66,fit,0,17,0,33,1563
0.66,score,0,17,0,33,1564
0.76,score,0,12,0,38,1565
0.62,fit,0,19,0,31,1566
0.62,score,0,19,0,31,1567
0.7,score,0,15,0,35,1568
0.78,score,0,11,0,39,1569
0.78,score,0,11,0,39,1570
0.78,score,0,11,0,39,1571
0.6,fit,0,20,0,30,1572
0.6,score,0,20,0,30,1573
0.76,score,0,12,0,38,1574
0.72,score,0,14,0,36,1575
0.74,score,0,13,0,37,1576
0.72,score,0,14,0,36,1577
0.7,score,0,15,0,35,1578
0.78,score,0,11,0,39,1579
0.76,score,0,12,0,38,1580
0.72,score,0,14,0,36,1581
0.78,score,0,11,0,39,1582
0.66,fit,0,17,0,33,1583
0.66,score,0,17,0,33,1584
0.7,score,0,15,0,35,1585
0.82,score,0,9,0,41,1586
0.64,fit,0,18,0,32,1587
0.64,score,0,18,0,32,1588
0.84,score,0,8,0,42,1589
0.8,score,0,10,0,40,1590
0.68,fit,0,16,0,34,1591
0.68,score,0,16,0,34,1592
0.66,fit,0,17,0,33,1593
0.66,score,0,17,0,33,1594
0.8,score,0,10,0,40,1595
0.6,fit,0,20,0,30,1596
0.6,score,0,20,0,30,1597
0.78,score,0,11,0,39,1598
0.88,score,0,6,0,44,1599
0.84,score,0,8,0,42,1600
0.68,fit,0,16,0,34,1601
0.68,score,0,16,0,34,1602
0.74,score,0,13,0,37,1603
0.76,score,0,12,0,38,1604
0.64,fit,0,18,0,32,1605
0.64,score,0,18,0,32,1606
0.64,fit,0,18,0,32,1607
0.64,score,0,18,0,32,1608
0.82,score,0,9,0,41,1609
0.7,score,0,15,0,35,1610
0.66,fit,0,17,0,33,1611
0.66,score,0,17,0,33,1612
0.76,score,0,12,0,38,1613
0.68,fit,0,16,0,34,1614
0.68,score,0,16,0,34,1615
0.8,score,0,10,0,40,1616
0.8,score,0,10,0,40,1617
0.72,score,0,14,0,36,1618
0.64,fit,0,18,0,32,1619
0.64,score,0,18,0,32,1620
0.72,score,0,14,0,36,1621
0.66,fit,0,17,0,33,1622
0.66,score,0,17,0,33,1623
0.66,fit,0,17,0,33,1624
0.66,score,0,17,0,33,1625
0.78,score,0,11,0,39,1626
0.56,fit,0,22,0,28,1627
0.56,score,0,22,0,28,1628
0.7,score,0,15,0,35,1629
0.64,fit,0,18,0,32,1630
0.64,score,0,18,0,32,1631
0.68,fit,0,16,0,34,1632
0.68,score,0,16,0,34,1633
0.72,score,0,14,0,36,1634
0.72,score,0,14,0,36,1635
0.74,score,0,13,0,37,1636
0.78,score,0,11,0,39,1637
0.74,score,0,13,0,37,1638
0.76,score,0,12,0,38,1639
0.72,score,0,14,0,36,1640
0.7,score,0,15,0,35,1641
0.66,fit,0,17,0,33,1642
0.66,score,0,17,0,33,1643
0.7,score,0,15,0,35,1644
0.74,score,0,13,0,37,1645
0.72,score,0,14,0,36,1646
0.64,fit,0,18,0,32,1647
0.64,score,0,18,0,32,1648
0.72,score,0,14,0,36,1649
0.82,score,0,9,0,41,1650
0.68,fit,0,16,0,34,1651
0.68,score,0,16,0,34,1652
0.78,score,0,11,0,39,1653
0.68,fit,0,16,0,34,1654
0.68,score,0,16,0,34,1655
0.74,score,0,13,0,37,1656
0.82,score,0,9,0,41,1657
0.76,score,0,12,0,38,1658
0.82,score,0,9,0,41,1659
0.72,score,0,14,0,36,1660
0.72,score,0,14,0,36,1661
0.66,fit,0,17,0,33,1662
0.66,score,0,17,0,33,1663
0.76,score,0,12,0,38,1664
0.7,score,0,15,0,35,1665
0.74,score,0,13,0,37,1666
0.82,score,0,9,0,41,1667
0.72,score,0,14,0,36,1668
0.82,score,0,9,0,41,1669
0.82,score,0,9,0,41,1670
0.8,score,0,10,0,40,1671
0.7,score,0,15,0,35,1672
0.68,fit,0,16,0,34,1673
0.68,score,0,16,0,34,1674
0.8,score,0,10,0,40,1675
0.86,score,0,7,0,43,1676
0.74,score,0,13,0,37,1677
0.78,score,0,11,0,39,1678
0.74,score,0,13,0,37,1679
0.78,score,0,11,0,39,1680
0.6,fit,0,20,0,30,1681
0.6,score,0,20,0,30,1682
0.74,score,0,13,0,37,1683
0.68,fit,0,16,0,34,1684
0.68,score,0,16,0,34,1685
0.72,score,0,14,0,36,1686
0.64,fit,0,18,0,32,1687
0.64,score,0,18,0,32,1688
0.72,score,0,14,0,36,1689
0.68,fit,0,16,0,34,1690
0.68,score,0,16,0,34,1691
0.76,score,0,12,0,38,1692
0.72,score,0,14,0,36,1693
0.8,score,0,10,0,40,1694
0.62,fit,0,19,0,31,1695
0.62,score,0,19,0,31,1696
0.74,score,0,13,0,37,1697
0.72,score,0,14,0,36,1698
0.74,score,0,13,0,37,1699
0.78,score,0,11,0,39,1700
0.76,score,0,12,0,38,1701
0.76,score,0,12,0,38,1702
0.72,score,0,14,0,36,1703
0.8,score,0,10,0,40,1704
0.74,score,0,13,0,37,1705
0.78,score,0,11,0,39,1706
0.66,fit,0,17,0,33,1707
0.66,score,0,17,0,33,1708
0.74,score,0,13,0,37,1709
0.76,score,0,12,0,38,1710
0.72,score,0,14,0,36,1711
0.76,score,0,12,0,38,1712
0.68,fit,0,16,0,34,1713
0.68,score,0,16,0,34,1714
0.72,score,0,14,0,36,1715
0.7,score,0,15,0,35,1716
0.74,score,0,13,0,37,1717
0.74,score,0,13,0,37,1718
0.78,score,0,11,0,39,1719
0.68,fit,0,16,0,34,1720
0.68,score,0,16,0,34,1721
0.82,score,0,9,0,41,1722
0.76,score,0,12,0,38,1723
0.72,score,0,14,0,36,1724
0.86,score,0,7,0,43,1725
0.6,fit,0,20,0,30,1726
0.6,score,0,20,0,30,1727
0.8,score,0,10,0,40,1728
0.72,score,0,14,0,36,1729
0.78,score,0,11,0,39,1730
0.76,score,0,12,0,38,1731
0.72,score,0,14,0,36,1732
0.74,score,0,13,0,37,1733
0.76,score,0,12,0,38,1734
0.78,score,0,11,0,39,1735
0.76,score,0,12,0,38,1736
0.74,score,0,13,0,37,1737
0.64,fit,0,18,0,32,1738
0.64,score,0,18,0,32,1739
0.8,score,0,10,0,40,1740
0.76,score,0,12,0,38,1741
0.7,score,0,15,0,35,1742
0.68,fit,0,16,0,34,1743
0.68,score,0,16,0,34,1744
0.8,score,0,10,0,40,1745
0.72,score,0,14,0,36,1746
0.74,score,0,13,0,37,1747
0.74,score,0,13,0,37,1748
0.76,score,0,12,0,38,1749
0.62,fit,0,19,0,31,1750
0.62,score,0,19,0,31,1751
0.72,score,0,14,0,36,1752
0.8,score,0,10,0,40,1753
0.78,score,0,11,0,39,1754
0.82,score,0,9,0,41,1755
0.66,fit,0,17,0,33,1756
0.66,score,0,17,0,33,1757
0.8,score,0,10,0,40,1758
0.72,score,0,14,0,36,1759
0.8,score,0,10,0,40,1760
0.68,fit,0,16,0,34,1761
0.68,score,0,16,0,34,1762
0.64,fit,0,18,0,32,1763
0.64,score,0,18,0,32,1764
0.7,score,0,15,0,35,1765
0.72,score,0,14,0,36,1766
0.68,fit,0,16,0,34,1767
0.68,score,0,16,0,34,1768
0.74,score,0,13,0,37,1769
0.78,score,0,11,0,39,1770
0.66,fit,0,17,0,33,1771
0.66,score,0,17,0,33,1772
0.86,score,0,7,0,43,1773
0.64,fit,0,18,0,32,1774
0.64,score,0,18,0,32,1775
0.72,score,0,14,0,36,1776
0.74,score,0,13,0,37,1777
0.66,fit,0,17,0,33,1778
0.66,score,0,17,0,33,1779
0.58,fit,0,21,0,29,1780
0.58,score,0,21,0,29,1781
0.66,fit,0,17,0,33,1782
0.66,score,0,17,0,33,1783
0.68,fit,0,16,0,34,1784
0.68,score,0,16,0,34,1785
0.72,score,0,14,0,36,1786
0.8,score,0,10,0,40,1787
0.72,score,0,14,0,36,1788
0.8,score,0,10,0,40,1789
0.66,fit,0,17,0,33,1790
0.66,score,0,17,0,33,1791
0.8,score,0,10,0,40,1792
0.72,score,0,14,0,36,1793
0.68,fit,0,16,0,34,1794
0.68,score,0,16,0,34,1795
0.78,score,0,11,0,39,1796
0.76,score,0,12,0,38,1797
0.74,score,0,13,0,37,1798
0.68,fit,0,16,0,34,1799
0.68,score,0,16,0,34,1800
0.56,fit,0,22,0,28,1801
0.56,score,0,22,0,28,1802
0.66,fit,0,17,0,33,1803
0.66,score,0,17,0,33,1804
0.64,fit,0,18,0,32,1805
0.64,score,0,18,0,32,1806
0.76,score,0,12,0,38,1807
0.72,score,0,14,0,36,1808
0.84,score,0,8,0,42,1809
0.76,score,0,12,0,38,1810
0.74,score,0,13,0,37,1811
0.68,fit,0,16,0,34,1812
0.68,score,0,16,0,34,1813
0.76,score,0,12,0,38,1814
0.82,score,0,9,0,41,1815
0.76,score,0,12,0,38,1816
0.68,fit,0,16,0,34,1817
0.68,score,0,16,0,34,1818
0.72,score,0,14,0,36,1819
0.68,fit,0,16,0,34,1820
0.68,score,0,16,0,34,1821
0.68,fit,0,16,0,34,1822
0.68,score,0,16,0,34,1823
0.64,fit,0,18,0,32,1824
0.64,score,0,18,0,32,1825
0.48,fit,0,26,0,24,1826
0.48,score,0,26,0,24,1827
0.76,score,0,12,0,38,1828
0.8,score,0,10,0,40,1829
0.72,score,0,14,0,36,1830
0.76,score,0,12,0,38,1831
0.76,score,0,12,0,38,1832
0.68,fit,0,16,0,34,1833
0.68,score,0,16,0,34,1834
0.66,fit,0,17,0,33,1835
0.66,score,0,17,0,33,1836
0.8,score,0,10,0,40,1837
0.68,fit,0,16,0,34,1838
0.68,score,0,16,0,34,1839
0.72,score,0,14,0,36,1840
0.56,fit,0,22,0,28,1841
0.56,score,0,22,0,28,1842
0.62,fit,0,19,0,31,1843
0.62,score,0,19,0,31,1844
0.72,score,0,14,0,36,1845
0.88,score,0,6,0,44,1846
0.7,score,0,15,0,35,1847
0.62,fit,0,19,0,31,1848
0.62,score,0,19,0,31,1849
0.76,score,0,12,0,38,1850
0.72,score,0,14,0,36,1851
0.66,fit,0,17,0,33,1852
0.66,score,0,17,0,33,1853
0.74,score,0,13,0,37,1854
0.72,score,0,14,0,36,1855
0.6,fit,0,20,0,30,1856
0.6,score,0,20,0,30,1857
0.6,fit,0,20,0,30,1858
0.6,score,0,20,0,30,1859
0.86,score,0,7,0,43,1860
0.86,score,0,7,0,43,1861
0.68,fit,0,16,0,34,1862
0.68,score,0,16,0,34,1863
0.66,fit,0,17,0,33,1864
0.66,score,0,17,0,33,1865
0.76,score,0,12,0,38,1866
0.58,fit,0,21,0,29,1867
0.58,score,0,21,0,29,1868
0.76,score,0,12,0,38,1869
0.7,score,0,15,0,35,1870
0.66,fit,0,17,0,33,1871
0.66,score,0,17,0,33,1872
0.74,score,0,13,0,37,1873
0.74,score,0,13,0,37,1874
0.7,score,0,15,0,35,1875
0.68,fit,0,16,0,34,1876
0.68,score,0,16,0,34,1877
0.8,score,0,10,0,40,1878
0.66,fit,0,17,0,33,1879
0.66,score,0,17,0,33,1880
0.68,fit,0,16,0,34,1881
0.68,score,0,16,0,34,1882
0.78,score,0,11,0,39,1883
0.7,score,0,15,0,35,1884
0.76,score,0,12,0,38,1885
0.82,score,0,9,0,41,1886
0.74,score,0,13,0,37,1887
0.66,fit,0,17,0,33,1888
0.66,score,0,17,0,33,1889
0.72,score,0,14,0,36,1890
0.74,score,0,13,0,37,1891
0.8,score,0,10,0,40,1892
0.68,fit,0,16,0,34,1893
0.68,score,0,16,0,34,1894
0.7,score,0,15,0,35,1895
0.76,score,0,12,0,38,1896
0.72,score,0,14,0,36,1897
0.76,score,0,12,0,38,1898
0.72,score,0,14,0,36,1899
0.72,score,0,14,0,36,1900
0.78,score,0,11,0,39,1901
0.7,score,0,15,0,35,1902
0.82,score,0,9,0,41,1903
0.7,score,0,15,0,35,1904
0.7,score,0,15,0,35,1905
0.7,score,0,15,0,35,1906
0.74,score,0,13,0,37,1907
0.78,score,0,11,0,39,1908
0.74,score,0,13,0,37,1909
0.58,fit,0,21,0,29,1910
0.58,score,0,21,0,29,1911
0.82,score,0,9,0,41,1912
0.72,score,0,14,0,36,1913
0.82,score,0,9,0,41,1914
0.66,fit,0,17,0,33,1915
0.66,score,0,17,0,33,1916
0.68,fit,0,16,0,34,1917
0.68,score,0,16,0,34,1918
0.82,score,0,9,0,41,1919
0.72,score,0,14,0,36,1920
0.74,score,0,13,0,37,1921
0.76,score,0,12,0,38,1922
0.78,score,0,11,0,39,1923
0.68,fit,0,16,0,34,1924
0.68,score,0,16,0,34,1925
0.74,score,0,13,0,37,1926
0.78,score,0,11,0,39,1927
0.64,fit,0,18,0,32,1928
0.64,score,0,18,0,32,1929
0.7,score,0,15,0,35,1930
0.86,score,0,7,0,43,1931
0.78,score,0,11,0,39,1932
0.74,score,0,13,0,37,1933
0.66,fit,0,17,0,33,1934
0.66,score,0,17,0,33,1935
0.62,fit,0,19,0,31,1936
0.62,score,0,19,0,31,1937
0.68,fit,0,16,0,34,1938
0.68,score,0,16,0,34,1939
0.76,score,0,12,0,38,1940
0.56,fit,0,22,0,28,1941
0.56,score,0,22,0,28,1942
0.62,fit,0,19,0,31,1943
0.62,score,0,19,0,31,1944
0.7,score,0,15,0,35,1945
0.7,score,0,15,0,35,1946
0.76,score,0,12,0,38,1947
0.82,score,0,9,0,41,1948
0.78,score,0,11,0,39,1949
0.8,score,0,10,0,40,1950
0.72,score,0,14,0,36,1951
0.76,score,0,12,0,38,1952
0.64,fit,0,18,0,32,1953
0.64,score,0,18,0,32,1954
0.8,score,0,10,0,40,1955
0.82,score,0,9,0,41,1956
0.76,score,0,12,0,38,1957
0.74,score,0,13,0,37,1958
0.7,score,0,15,0,35,1959
0.72,score,0,14,0,36,1960
0.78,score,0,11,0,39,1961
0.7,score,0,15,0,35,1962
0.68,fit,0,16,0,34,1963
0.68,score,0,16,0,34,1964
0.76,score,0,12,0,38,1965
0.68,fit,0,16,0,34,1966
0.68,score,0,16,0,34,1967
0.78,score,0,11,0,39,1968
0.72,score,0,14,0,36,1969
0.7,score,0,15,0,35,1970
0.76,score,0,12,0,38,1971
0.66,fit,0,17,0,33,1972
0.66,score,0,17,0,33,1973
0.62,fit,0,19,0,31,1974
0.62,score,0,19,0,31,1975
0.74,score,0,13,0,37,1976
0.82,score,0,9,0,41,1977
0.7,score,0,15,0,35,1978
0.82,score,0,9,0,41,1979
0.72,score,0,14,0,36,1980
0.72,score,0,14,0,36,1981
0.74,score,0,13,0,37,1982
0.66,fit,0,17,0,33,1983
0.66,score,0,17,0,33,1984
0.82,score,0,9,0,41,1985
0.7,score,0,15,0,35,1986
0.76,score,0,12,0,38,1987
0.72,score,0,14,0,36,1988
0.7,score,0,15,0,35,1989
0.72,score,0,14,0,36,1990
0.8,score,0,10,0,40,1991
0.72,score,0,14,0,36,1992
0.8,score,0,10,0,40,1993
0.82,score,0,9,0,41,1994
0.7,score,0,15,0,35,1995
0.78,score,0,11,0,39,1996
0.76,score,0,12,0,38,1997
0.68,fit,0,16,0,34,1998
0.68,score,0,16,0,34,1999
0.7,score,0,15,0,35,2000
0.68,fit,0,16,0,34,2001
0.68,score,0,16,0,34,2002
0.6,fit,0,20,0,30,2003
0.6,score,0,20,0,30,2004
0.76,score,0,12,0,38,2005
0.68,fit,0,16,0,34,2006
0.68,score,0,16,0,34,2007
0.82,score,0,9,0,41,2008
0.68,fit,0,16,0,34,2009
0.68,score,0,16,0,34,2010
0.68,fit,0,16,0,34,2011
0.68,score,0,16,0,34,2012
0.68,fit,0,16,0,34,2013
0.68,score,0,16,0,34,2014
0.78,score,0,11,0,39,2015
0.72,score,0,14,0,36,2016
0.74,score,0,13,0,37,2017
0.74,score,0,13,0,37,2018
0.72,score,0,14,0,36,2019
0.72,score,0,14,0,36,2020
0.84,score,0,8,0,42,2021
0.72,score,0,14,0,36,2022
0.76,score,0,12,0,38,2023
0.86,score,0,7,0,43,2024
0.74,score,0,13,0,37,2025
0.74,score,0,13,0,37,2026
0.72,score,0,14,0,36,2027
0.66,fit,0,17,0,33,2028
0.66,score,0,17,0,33,2029
0.76,score,0,12,0,38,2030
0.78,score,0,11,0,39,2031
0.68,fit,0,16,0,34,2032
0.68,score,0,16,0,34,2033
0.76,score,0,12,0,38,2034
0.78,score,0,11,0,39,2035
0.7,score,0,15,0,35,2036
0.74,score,0,13,0,37,2037
0.8,score,0,10,0,40,2038
0.78,score,0,11,0,39,2039
0.72,score,0,14,0,36,2040
0.74,score,0,13,0,37,2041
0.62,fit,0,19,0,31,2042
0.62,score,0,19,0,31,2043
0.7,score,0,15,0,35,2044
0.68,fit,0,16,0,34,2045
0.68,score,0,16,0,34,2046
0.82,score,0,9,0,41,2047
0.74,score,0,13,0,37,2048
0.66,fit,0,17,0,33,2049
0.66,score,0,17,0,33,2050
0.68,fit,0,16,0,34,2051
0.68,score,0,16,0,34,2052
0.76,score,0,12,0,38,2053
0.76,score,0,12,0,38,2054
0.6,fit,0,20,0,30,2055
0.6,score,0,20,0,30,2056
0.76,score,0,12,0,38,2057
0.88,score,0,6,0,44,2058
0.66,fit,0,17,0,33,2059
0.66,score,0,17,0,33,2060
0.66,fit,0,17,0,33,2061
0.66,score,0,17,0,33,2062
0.6,fit,0,20,0,30,2063
0.6,score,0,20,0,30,2064
0.66,fit,0,17,0,33,2065
0.66,score,0,17,0,33,2066
0.72,score,0,14,0,36,2067
0.74,score,0,13,0,37,2068
0.74,score,0,13,0,37,2069
0.58,fit,0,21,0,29,2070
0.58,score,0,21,0,29,2071
0.76,score,0,12,0,38,2072
0.74,score,0,13,0,37,2073
0.7,score,0,15,0,35,2074
0.7,score,0,15,0,35,2075
0.7,score,0,15,0,35,2076
0.74,score,0,13,0,37,2077
0.78,score,0,11,0,39,2078
0.74,score,0,13,0,37,2079
0.7,score,0,15,0,35,2080
0.7,score,0,15,0,35,2081
0.84,score,0,8,0,42,2082
0.8,score,0,10,0,40,2083
0.62,fit,0,19,0,31,2084
0.62,score,0,19,0,31,2085
0.78,score,0,11,0,39,2086
0.76,score,0,12,0,38,2087
0.76,score,0,12,0,38,2088
0.86,score,0,7,0,43,2089
0.82,score,0,9,0,41,2090
0.8,score,0,10,0,40,2091
0.78,score,0,11,0,39,2092
0.64,fit,0,18,0,32,2093
0.64,score,0,18,0,32,2094
0.66,fit,0,17,0,33,2095
0.66,score,0,17,0,33,2096
0.78,score,0,11,0,39,2097
0.76,score,0,12,0,38,2098
0.72,score,0,14,0,36,2099
0.68,fit,0,16,0,34,2100
0.68,score,0,16,0,34,2101
0.72,score,0,14,0,36,2102
0.74,score,0,13,0,37,2103
0.74,score,0,13,0,37,2104
0.82,score,0,9,0,41,2105
0.84,score,0,8,0,42,2106
0.78,score,0,11,0,39,2107
0.78,score,0,11,0,39,2108
0.74,score,0,13,0,37,2109
0.68,fit,0,16,0,34,2110
0.68,score,0,16,0,34,2111
0.72,score,0,14,0,36,2112
0.8,score,0,10,0,40,2113
0.76,score,0,12,0,38,2114
0.64,fit,0,18,0,32,2115
0.64,score,0,18,0,32,2116
0.82,score,0,9,0,41,2117
0.72,score,0,14,0,36,2118
0.76,score,0,12,0,38,2119
0.68,fit,0,16,0,34,2120
0.68,score,0,16,0,34,2121
0.8,score,0,10,0,40,2122
0.78,score,0,11,0,39,2123
0.74,score,0,13,0,37,2124
0.76,score,0,12,0,38,2125
0.84,score,0,8,0,42,2126
0.8,score,0,10,0,40,2127
0.68,fit,0,16,0,34,2128
0.68,score,0,16,0,34,2129
0.68,fit,0,16,0,34,2130
0.68,score,0,16,0,34,2131
0.84,score,0,8,0,42,2132
0.74,score,0,13,0,37,2133
0.72,score,0,14,0,36,2134
0.7,score,0,15,0,35,2135
0.78,score,0,11,0,39,2136
0.78,score,0,11,0,39,2137
0.76,score,0,12,0,38,2138
0.74,score,0,13,0,37,2139
0.7,score,0,15,0,35,2140
0.72,score,0,14,0,36,2141
0.7,score,0,15,0,35,2142
0.8,score,0,10,0,40,2143
0.76,score,0,12,0,38,2144
0.9,score,0,5,0,45,2145
0.8,score,0,10,0,40,2146
0.82,score,0,9,0,41,2147
0.82,score,0,9,0,41,2148
0.84,score,0,8,0,42,2149
0.66,fit,0,17,0,33,2150
0.66,score,0,17,0,33,2151
0.68,fit,0,16,0,34,2152
0.68,score,0,16,0,34,2153
0.7,score,0,15,0,35,2154
0.8,score,0,10,0,40,2155
0.72,score,0,14,0,36,2156
0.72,score,0,14,0,36,2157
0.8,score,0,10,0,40,2158
0.78,score,0,11,0,39,2159
0.7,score,0,15,0,35,2160
0.7,score,0,15,0,35,2161
0.76,score,0,12,0,38,2162
0.7,score,0,15,0,35,2163
0.7,score,0,15,0,35,2164
0.8,score,0,10,0,40,2165
0.82,score,0,9,0,41,2166
0.72,score,0,14,0,36,2167
0.78,score,0,11,0,39,2168
0.6,fit,0,20,0,30,2169
0.6,score,0,20,0,30,2170
0.74,score,0,13,0,37,2171
0.82,score,0,9,0,41,2172
0.7,score,0,15,0,35,2173
0.64,fit,0,18,0,32,2174
0.64,score,0,18,0,32,2175
0.68,fit,0,16,0,34,2176
0.68,score,0,16,0,34,2177
0.74,score,0,13,0,37,2178
0.78,score,0,11,0,39,2179
0.64,fit,0,18,0,32,2180
0.64,score,0,18,0,32,2181
0.72,score,0,14,0,36,2182
0.74,score,0,13,0,37,2183
0.72,score,0,14,0,36,2184
0.74,score,0,13,0,37,2185
0.76,score,0,12,0,38,2186
0.7,score,0,15,0,35,2187
0.82,score,0,9,0,41,2188
0.74,score,0,13,0,37,2189
0.72,score,0,14,0,36,2190
0.78,score,0,11,0,39,2191
0.72,score,0,14,0,36,2192
0.8,score,0,10,0,40,2193
0.88,score,0,6,0,44,2194
0.72,score,0,14,0,36,2195
0.7,score,0,15,0,35,2196
0.76,score,0,12,0,38,2197
0.62,fit,0,19,0,31,2198
0.62,score,0,19,0,31,2199
0.72,score,0,14,0,36,2200
0.66,fit,0,17,0,33,2201
0.66,score,0,17,0,33,2202
0.8,score,0,10,0,40,2203
0.74,score,0,13,0,37,2204
0.7,score,0,15,0,35,2205
0.68,fit,0,16,0,34,2206
0.68,score,0,16,0,34,2207
0.84,score,0,8,0,42,2208
0.54,fit,0,23,0,27,2209
0.54,score,0,23,0,27,2210
0.68,fit,0,16,0,34,2211
0.68,score,0,16,0,34,2212
0.8,score,0,10,0,40,2213
0.62,fit,0,19,0,31,2214
0.62,score,0,19,0,31,2215
0.84,score,0,8,0,42,2216
0.78,score,0,11,0,39,2217
0.76,score,0,12,0,38,2218
0.7,score,0,15,0,35,2219
0.82,score,0,9,0,41,2220
0.52,fit,0,24,0,26,2221
0.52,score,0,24,0,26,2222
0.8,score,0,10,0,40,2223
0.84,score,0,8,0,42,2224
0.74,score,0,13,0,37,2225
0.9,score,0,5,0,45,2226
0.8,score,0,10,0,40,2227
0.74,score,0,13,0,37,2228
0.84,score,0,8,0,42,2229
0.74,score,0,13,0,37,2230
0.72,score,0,14,0,36,2231
0.76,score,0,12,0,38,2232
0.7,score,0,15,0,35,2233
0.76,score,0,12,0,38,2234
0.68,fit,0,16,0,34,2235
0.68,score,0,16,0,34,2236
0.76,score,0,12,0,38,2237
0.64,fit,0,18,0,32,2238
0.64,score,0,18,0,32,2239
0.72,score,0,14,0,36,2240
0.8,score,0,10,0,40,2241
0.74,score,0,13,0,37,2242
0.64,fit,0,18,0,32,2243
0.64,score,0,18,0,32,2244
0.76,score,0,12,0,38,2245
0.82,score,0,9,0,41,2246
0.82,score,0,9,0,41,2247
0.78,score,0,11,0,39,2248
0.7,score,0,15,0,35,2249
0.76,score,0,12,0,38,2250
0.68,fit,0,16,0,34,2251
0.68,score,0,16,0,34,2252
0.68,fit,0,16,0,34,2253
0.68,score,0,16,0,34,2254
0.72,score,0,14,0,36,2255
0.78,score,0,11,0,39,2256
0.76,score,0,12,0,38,2257
0.74,score,0,13,0,37,2258
0.78,score,0,11,0,39,2259
0.78,score,0,11,0,39,2260
0.76,score,0,12,0,38,2261
0.76,score,0,12,0,38,2262
0.68,fit,0,16,0,34,2263
0.68,score,0,16,0,34,2264
0.8,score,0,10,0,40,2265
0.8,score,0,10,0,40,2266
0.74,score,0,13,0,37,2267
0.74,score,0,13,0,37,2268
0.74,score,0,13,0,37,2269
0.82,score,0,9,0,41,2270
0.8,score,0,10,0,40,2271
0.8,score,0,10,0,40,2272
0.72,score,0,14,0,36,2273
0.82,score,0,9,0,41,2274
0.76,score,0,12,0,38,2275
0.72,score,0,14,0,36,2276
0.78,score,0,11,0,39,2277
0.76,score,0,12,0,38,2278
0.66,fit,0,17,0,33,2279
0.66,score,0,17,0,33,2280
0.82,score,0,9,0,41,2281
0.66,fit,0,17,0,33,2282
0.66,score,0,17,0,33,2283
0.66,fit,0,17,0,33,2284
0.66,score,0,17,0,33,2285
0.62,fit,0,19,0,31,2286
0.62,score,0,19,0,31,2287
0.7,score,0,15,0,35,2288
0.82,score,0,9,0,41,2289
0.84,score,0,8,0,42,2290
0.72,score,0,14,0,36,2291
0.7,score,0,15,0,35,2292
0.7,score,0,15,0,35,2293
0.78,score,0,11,0,39,2294
0.7,score,0,15,0,35,2295
0.64,fit,0,18,0,32,2296
0.64,score,0,18,0,32,2297
0.76,score,0,12,0,38,2298
0.76,score,0,12,0,38,2299
0.72,score,0,14,0,36,2300
0.74,score,0,13,0,37,2301
0.72,score,0,14,0,36,2302
0.8,score,0,10,0,40,2303
0.68,fit,0,16,0,34,2304
0.68,score,0,16,0,34,2305
0.82,score,0,9,0,41,2306
0.72,score,0,14,0,36,2307
0.8,score,0,10,0,40,2308
0.72,score,0,14,0,36,2309
0.68,fit,0,16,0,34,2310
0.68,score,0,16,0,34,2311
0.8,score,0,10,0,40,2312
0.86,score,0,7,0,43,2313
0.82,score,0,9,0,41,2314
0.68,fit,0,16,0,34,2315
0.68,score,0,16,0,34,2316
0.72,score,0,14,0,36,2317
0.64,fit,0,18,0,32,2318
0.64,score,0,18,0,32,2319
0.72,score,0,14,0,36,2320
0.8,score,0,10,0,40,2321
0.88,score,0,6,0,44,2322
0.76,score,0,12,0,38,2323
0.7,score,0,15,0,35,2324
0.74,score,0,13,0,37,2325
0.8,score,0,10,0,40,2326
0.78,score,0,11,0,39,2327
0.76,score,0,12,0,38,2328
0.72,score,0,14,0,36,2329
0.8,score,0,10,0,40,2330
0.8,score,0,10,0,40,2331
0.7,score,0,15,0,35,2332
0.72,score,0,14,0,36,2333
0.82,score,0,9,0,41,2334
0.86,score,0,7,0,43,2335
0.8,score,0,10,0,40,2336
0.66,fit,0,17,0,33,2337
0.66,score,0,17,0,33,2338
0.76,score,0,12,0,38,2339
0.72,score,0,14,0,36,2340
0.76,score,0,12,0,38,2341
0.76,score,0,12,0,38,2342
0.68,fit,0,16,0,34,2343
0.68,score,0,16,0,34,2344
0.76,score,0,12,0,38,2345
0.7,score,0,15,0,35,2346
0.76,score,0,12,0,38,2347
0.62,fit,0,19,0,31,2348
0.62,score,0,19,0,31,2349
0.76,score,0,12,0,38,2350
0.86,score,0,7,0,43,2351
0.78,score,0,11,0,39,2352
0.82,score,0,9,0,41,2353
0.66,fit,0,17,0,33,2354
0.66,score,0,17,0,33,2355
0.78,score,0,11,0,39,2356
0.78,score,0,11,0,39,2357
0.62,fit,0,19,0,31,2358
0.62,score,0,19,0,31,2359
0.72,score,0,14,0,36,2360
0.82,score,0,9,0,41,2361
0.74,score,0,13,0,37,2362
0.74,score,0,13,0,37,2363
0.64,fit,0,18,0,32,2364
0.64,score,0,18,0,32,2365
0.8,score,0,10,0,40,2366
0.74,score,0,13,0,37,2367
0.7,score,0,15,0,35,2368
0.88,score,0,6,0,44,2369
0.78,score,0,11,0,39,2370
0.72,score,0,14,0,36,2371
0.72,score,0,14,0,36,2372
0.66,fit,0,17,0,33,2373
0.66,score,0,17,0,33,2374
0.54,fit,0,23,0,27,2375
0.54,score,0,23,0,27,2376
0.72,score,0,14,0,36,2377
0.68,fit,0,16,0,34,2378
0.68,score,0,16,0,34,2379
0.76,score,0,12,0,38,2380
0.86,score,0,7,0,43,2381
0.76,score,0,12,0,38,2382
0.72,score,0,14,0,36,2383
0.76,score,0,12,0,38,2384
0.78,score,0,11,0,39,2385
0.76,score,0,12,0,38,2386
0.74,score,0,13,0,37,2387
0.86,score,0,7,0,43,2388
0.82,score,0,9,0,41,2389
0.52,fit,0,24,0,26,2390
0.52,score,0,24,0,26,2391
0.64,fit,0,18,0,32,2392
0.64,score,0,18,0,32,2393
0.76,score,0,12,0,38,2394
0.74,score,0,13,0,37,2395
0.76,score,0,12,0,38,2396
0.78,score,0,11,0,39,2397
0.74,score,0,13,0,37,2398
0.84,score,0,8,0,42,2399
0.74,score,0,13,0,37,2400
0.76,score,0,12,0,38,2401
0.68,fit,0,16,0,34,2402
0.68,score,0,16,0,34,2403
0.66,fit,0,17,0,33,2404
0.66,score,0,17,0,33,2405
0.64,fit,0,18,0,32,2406
0.64,score,0,18,0,32,2407
0.78,score,0,11,0,39,2408
0.68,fit,0,16,0,34,2409
0.68,score,0,16,0,34,2410
0.82,score,0,9,0,41,2411
0.78,score,0,11,0,39,2412
0.72,score,0,14,0,36,2413
0.66,fit,0,17,0,33,2414
0.66,score,0,17,0,33,2415
0.76,score,0,12,0,38,2416
0.76,score,0,12,0,38,2417
0.82,score,0,9,0,41,2418
0.7,score,0,15,0,35,2419
0.66,fit,0,17,0,33,2420
0.66,score,0,17,0,33,2421
0.76,score,0,12,0,38,2422
0.78,score,0,11,0,39,2423
0.82,score,0,9,0,41,2424
0.8,score,0,10,0,40,2425
0.68,fit,0,16,0,34,2426
0.68,score,0,16,0,34,2427
0.64,fit,0,18,0,32,2428
0.64,score,0,18,0,32,2429
0.7,score,0,15,0,35,2430
0.72,score,0,14,0,36,2431
0.74,score,0,13,0,37,2432
0.74,score,0,13,0,37,2433
0.7,score,0,15,0,35,2434
0.7,score,0,15,0,35,2435
0.72,score,0,14,0,36,2436
0.72,score,0,14,0,36,2437
0.74,score,0,13,0,37,2438
0.82,score,0,9,0,41,2439
0.74,score,0,13,0,37,2440
0.74,score,0,13,0,37,2441
0.76,score,0,12,0,38,2442
0.7,score,0,15,0,35,2443
0.74,score,0,13,0,37,2444
0.82,score,0,9,0,41,2445
0.7,score,0,15,0,35,2446
0.74,score,0,13,0,37,2447
0.76,score,0,12,0,38,2448
0.72,score,0,14,0,36,2449
0.86,score,0,7,0,43,2450
0.76,score,0,12,0,38,2451
0.74,score,0,13,0,37,2452
0.64,fit,0,18,0,32,2453
0.64,score,0,18,0,32,2454
0.7,score,0,15,0,35,2455
0.8,score,0,10,0,40,2456
0.8,score,0,10,0,40,2457
0.74,score,0,13,0,37,2458
0.84,score,0,8,0,42,2459
0.78,score,0,11,0,39,2460
0.78,score,0,11,0,39,2461
0.72,score,0,14,0,36,2462
0.76,score,0,12,0,38,2463
0.78,score,0,11,0,39,2464
0.78,score,0,11,0,39,2465
0.82,score,0,9,0,41,2466
0.72,score,0,14,0,36,2467
0.84,score,0,8,0,42,2468
0.78,score,0,11,0,39,2469
0.74,score,0,13,0,37,2470
0.8,score,0,10,0,40,2471
0.8,score,0,10,0,40,2472
0.76,score,0,12,0,38,2473
0.78,score,0,11,0,39,2474
0.7,score,0,15,0,35,2475
0.78,score,0,11,0,39,2476
0.78,score,0,11,0,39,2477
0.76,score,0,12,0,38,2478
0.62,fit,0,19,0,31,2479
0.62,score,0,19,0,31,2480
0.82,score,0,9,0,41,2481
0.64,fit,0,18,0,32,2482
0.64,score,0,18,0,32,2483
0.68,fit,0,16,0,34,2484
0.68,score,0,16,0,34,2485
0.74,score,0,13,0,37,2486
0.68,fit,0,16,0,34,2487
0.68,score,0,16,0,34,2488
0.7,score,0,15,0,35,2489
0.72,score,0,14,0,36,2490
0.8,score,0,10,0,40,2491
0.66,fit,0,17,0,33,2492
0.66,score,0,17,0,33,2493
0.82,score,1,9,0,40,2494
0.72,score,0,14,0,36,2495
0.72,score,0,14,0,36,2496
0.64,fit,0,18,0,32,2497
0.64,score,0,18,0,32,2498
0.78,score,0,11,0,39,2499
0.82,score,0,9,0,41,2500
0.9,score,0,5,0,45,2501
0.72,score,0,14,0,36,2502
0.8,score,0,10,0,40,2503
0.76,score,0,12,0,38,2504
0.68,fit,0,16,0,34,2505
0.68,score,0,16,0,34,2506
0.8,score,0,10,0,40,2507
0.8,score,0,10,0,40,2508
0.84,score,0,8,0,42,2509
0.82,score,0,9,0,41,2510
0.74,score,0,13,0,37,2511
0.74,score,0,13,0,37,2512
0.8,score,0,10,0,40,2513
0.74,score,0,13,0,37,2514
0.72,score,0,14,0,36,2515
0.86,score,0,7,0,43,2516
0.86,score,0,7,0,43,2517
0.72,score,0,14,0,36,2518
0.7,score,0,15,0,35,2519
0.8,score,0,10,0,40,2520
0.82,score,0,9,0,41,2521
0.68,fit,0,16,0,34,2522
0.68,score,0,16,0,34,2523
0.74,score,0,13,0,37,2524
0.7,score,0,15,0,35,2525
0.88,score,0,6,0,44,2526
0.7,score,0,15,0,35,2527
0.84,score,0,8,0,42,2528
0.68,fit,0,16,0,34,2529
0.68,score,0,16,0,34,2530
0.82,score,0,9,0,41,2531
0.8,score,0,10,0,40,2532
0.72,score,0,14,0,36,2533
0.78,score,0,11,0,39,2534
0.78,score,0,11,0,39,2535
0.76,score,0,12,0,38,2536
0.68,fit,0,16,0,34,2537
0.68,score,0,16,0,34,2538
0.7,score,0,15,0,35,2539
0.7,score,0,15,0,35,2540
0.76,score,0,12,0,38,2541
0.8,score,0,10,0,40,2542
0.82,score,0,9,0,41,2543
0.8,score,0,10,0,40,2544
0.86,score,0,7,0,43,2545
0.74,score,0,13,0,37,2546
0.68,fit,0,16,0,34,2547
0.68,score,0,16,0,34,2548
0.78,score,0,11,0,39,2549
0.8,score,0,10,0,40,2550
0.76,score,0,12,0,38,2551
0.78,score,0,11,0,39,2552
0.64,fit,0,18,0,32,2553
0.64,score,0,18,0,32,2554
0.76,score,0,12,0,38,2555
0.72,score,0,14,0,36,2556
0.68,fit,0,16,0,34,2557
0.68,score,0,16,0,34,2558
0.76,score,0,12,0,38,2559
0.64,fit,0,18,0,32,2560
0.64,score,0,18,0,32,2561
0.86,score,0,7,0,43,2562
0.8,score,0,10,0,40,2563
0.82,score,0,9,0,41,2564
0.78,score,0,11,0,39,2565
0.76,score,0,12,0,38,2566
0.74,score,0,13,0,37,2567
0.76,score,0,12,0,38,2568
0.86,score,0,7,0,43,2569
0.8,score,0,10,0,40,2570
0.68,fit,0,16,0,34,2571
0.68,score,0,16,0,34,2572
0.68,fit,0,16,0,34,2573
0.68,score,0,16,0,34,2574
0.64,fit,0,18,0,32,2575
0.64,score,0,18,0,32,2576
0.7,score,0,15,0,35,2577
0.76,score,0,12,0,38,2578
0.74,score,0,13,0,37,2579
0.74,score,0,13,0,37,2580
0.8,score,0,10,0,40,2581
0.76,score,0,12,0,38,2582
0.76,score,0,12,0,38,2583
0.76,score,0,12,0,38,2584
0.72,score,0,14,0,36,2585
0.82,score,0,9,0,41,2586
0.74,score,0,13,0,37,2587
0.7,score,0,15,0,35,2588
0.76,score,0,12,0,38,2589
0.66,fit,0,17,0,33,2590
0.66,score,0,17,0,33,2591
0.78,score,0,11,0,39,2592
0.78,score,0,11,0,39,2593
0.78,score,0,11,0,39,2594
0.7,score,0,15,0,35,2595
0.6,fit,0,20,0,30,2596
0.6,score,0,20,0,30,2597
0.74,score,0,13,0,37,2598
0.78,score,0,11,0,39,2599
0.8,score,0,10,0,40,2600
0.68,fit,0,16,0,34,2601
0.68,score,0,16,0,34,2602
0.66,fit,0,17,0,33,2603
0.66,score,0,17,0,33,2604
0.7,score,0,15,0,35,2605
0.66,fit,0,17,0,33,2606
0.66,score,0,17,0,33,2607
0.74,score,0,13,0,37,2608
0.82,score,0,9,0,41,2609
0.68,fit,0,16,0,34,2610
0.68,score,0,16,0,34,2611
0.64,fit,0,18,0,32,2612
0.64,score,0,18,0,32,2613
0.8,score,0,10,0,40,2614
0.82,score,0,9,0,41,2615
0.7,score,1,15,0,34,2616
0.8,score,0,10,0,40,2617
0.74,score,0,13,0,37,2618
0.78,score,0,11,0,39,2619
0.76,score,1,12,0,37,2620
0.58,fit,0,21,0,29,2621
0.58,score,0,21,0,29,2622
0.82,score,0,9,0,41,2623
0.76,score,0,12,0,38,2624
0.74,score,0,13,0,37,2625
0.76,score,0,12,0,38,2626
0.76,score,0,12,0,38,2627
0.62,fit,0,19,0,31,2628
0.62,score,0,19,0,31,2629
0.72,score,0,14,0,36,2630
0.7,score,0,15,0,35,2631
0.74,score,0,13,0,37,2632
0.7,score,0,15,0,35,2633
0.76,score,0,12,0,38,2634
0.78,score,0,11,0,39,2635
0.68,fit,0,16,0,34,2636
0.68,score,0,16,0,34,2637
0.72,score,0,14,0,36,2638
0.76,score,0,12,0,38,2639
0.8,score,0,10,0,40,2640
0.72,score,0,14,0,36,2641
0.7,score,0,15,0,35,2642
0.64,fit,0,18,0,32,2643
0.64,score,0,18,0,32,2644
0.72,score,0,14,0,36,2645
0.76,score,1,12,0,37,2646
0.68,fit,0,16,0,34,2647
0.68,score,0,16,0,34,2648
0.7,score,0,15,0,35,2649
0.68,fit,0,16,0,34,2650
0.68,score,0,16,0,34,2651
0.76,score,0,12,0,38,2652
0.72,score,0,14,0,36,2653
0.62,fit,0,19,0,31,2654
0.62,score,0,19,0,31,2655
0.76,score,0,12,0,38,2656
0.78,score,0,11,0,39,2657
0.74,score,0,13,0,37,2658
0.78,score,0,11,0,39,2659
0.76,score,0,12,0,38,2660
0.72,score,0,14,0,36,2661
0.8,score,0,10,0,40,2662
0.7,score,0,15,0,35,2663
0.7,score,0,15,0,35,2664
0.8,score,0,10,0,40,2665
0.7,score,0,15,0,35,2666
0.66,fit,0,17,0,33,2667
0.66,score,0,17,0,33,2668
0.78,score,0,11,0,39,2669
0.72,score,0,14,0,36,2670
0.84,score,0,8,0,42,2671
0.78,score,0,11,0,39,2672
0.8,score,0,10,0,40,2673
0.7,score,0,15,0,35,2674
0.8,score,0,10,0,40,2675
0.72,score,0,14,0,36,2676
0.72,score,0,14,0,36,2677
0.82,score,0,9,0,41,2678
0.78,score,0,11,0,39,2679
0.7,score,0,15,0,35,2680
0.68,fit,0,16,0,34,2681
0.68,score,0,16,0,34,2682
0.62,fit,0,19,0,31,2683
0.62,score,0,19,0,31,2684
0.78,score,0,11,0,39,2685
0.7,score,0,15,0,35,2686
0.7,score,0,15,0,35,2687
0.8,score,0,10,0,40,2688
0.68,fit,0,16,0,34,2689
0.68,score,0,16,0,34,2690
0.7,score,0,15,0,35,2691
0.7,score,0,15,0,35,2692
0.68,fit,1,16,0,33,2693
0.68,score,1,16,0,33,2694
0.64,fit,0,18,0,32,2695
0.64,score,0,18,0,32,2696
0.8,score,0,10,0,40,2697
0.8,score,0,10,0,40,2698
0.74,score,0,13,0,37,2699
0.78,score,0,11,0,39,2700
0.7,score,0,15,0,35,2701
0.74,score,0,13,0,37,2702
0.78,score,0,11,0,39,2703
0.68,fit,0,16,0,34,2704
0.68,score,0,16,0,34,2705
0.76,score,0,12,0,38,2706
0.78,score,0,11,0,39,2707
0.68,fit,0,16,0,34,2708
0.68,score,0,16,0,34,2709
0.86,score,0,7,0,43,2710
0.8,score,0,10,0,40,2711
0.76,score,0,12,0,38,2712
0.8,score,0,10,0,40,2713
0.78,score,0,11,0,39,2714
0.86,score,0,7,0,43,2715
0.78,score,0,11,0,39,2716
0.72,score,0,14,0,36,2717
0.86,score,0,7,0,43,2718
0.76,score,0,12,0,38,2719
0.8,score,0,10,0,40,2720
0.8,score,0,10,0,40,2721
0.76,score,0,12,0,38,2722
0.78,score,0,11,0,39,2723
0.76,score,1,12,0,37,2724
0.78,score,0,11,0,39,2725
0.84,score,0,8,0,42,2726
0.78,score,0,11,0,39,2727
0.7,score,0,15,0,35,2728
0.84,score,0,8,0,42,2729
0.68,fit,0,16,0,34,2730
0.68,score,0,16,0,34,2731
0.88,score,0,6,0,44,2732
0.7,score,0,15,0,35,2733
0.68,fit,0,16,0,34,2734
0.68,score,0,16,0,34,2735
0.7,score,0,15,0,35,2736
0.8,score,0,10,0,40,2737
0.76,score,0,12,0,38,2738
0.82,score,0,9,0,41,2739
0.62,fit,0,19,0,31,2740
0.62,score,0,19,0,31,2741
0.64,fit,0,18,0,32,2742
0.64,score,0,18,0,32,2743
0.84,score,0,8,0,42,2744
0.64,fit,0,18,0,32,2745
0.64,score,0,18,0,32,2746
0.64,fit,0,18,0,32,2747
0.64,score,0,18,0,32,2748
0.7,score,0,15,0,35,2749
0.64,fit,0,18,0,32,2750
0.64,score,0,18,0,32,2751
0.74,score,0,13,0,37,2752
0.66,fit,0,17,0,33,2753
0.66,score,0,17,0,33,2754
0.76,score,0,12,0,38,2755
0.66,fit,0,17,0,33,2756
0.66,score,0,17,0,33,2757
0.72,score,0,14,0,36,2758
0.8,score,0,10,0,40,2759
0.74,score,0,13,0,37,2760
0.6,fit,0,20,0,30,2761
0.6,score,0,20,0,30,2762
0.8,score,0,10,0,40,2763
0.74,score,0,13,0,37,2764
0.92,score,0,4,0,46,2765
0.78,score,0,11,0,39,2766
0.76,score,0,12,0,38,2767
0.68,fit,0,16,0,34,2768
0.68,score,0,16,0,34,2769
0.82,score,0,9,0,41,2770
0.74,score,0,13,0,37,2771
0.74,score,0,13,0,37,2772
0.84,score,0,8,0,42,2773
0.74,score,0,13,0,37,2774
0.72,score,0,14,0,36,2775
0.7,score,0,15,0,35,2776
0.78,score,0,11,0,39,2777
0.66,fit,1,17,0,32,2778
0.66,score,1,17,0,32,2779
0.82,score,0,9,0,41,2780
0.84,score,0,8,0,42,2781
0.68,fit,0,16,0,34,2782
0.68,score,0,16,0,34,2783
0.8,score,0,10,0,40,2784
0.92,score,0,4,0,46,2785
0.8,score,0,10,0,40,2786
0.76,score,0,12,0,38,2787
0.68,fit,0,16,0,34,2788
0.68,score,0,16,0,34,2789
0.68,fit,1,16,0,33,2790
0.68,score,1,16,0,33,2791
0.78,score,0,11,0,39,2792
0.88,score,0,6,0,44,2793
0.74,score,0,13,0,37,2794
0.78,score,0,11,0,39,2795
0.66,fit,1,17,0,32,2796
0.66,score,1,17,0,32,2797
0.72,score,0,14,0,36,2798
0.64,fit,0,18,0,32,2799
0.64,score,0,18,0,32,2800
0.74,score,0,13,0,37,2801
0.76,score,0,12,0,38,2802
0.72,score,0,14,0,36,2803
0.74,score,0,13,0,37,2804
0.68,fit,1,16,0,33,2805
0.68,score,1,16,0,33,2806
0.78,score,0,11,0,39,2807
0.8,score,0,10,0,40,2808
0.72,score,0,14,0,36,2809
0.7,score,0,15,0,35,2810
0.74,score,2,13,0,35,2811
0.72,score,0,14,0,36,2812
0.58,fit,0,21,0,29,2813
0.58,score,0,21,0,29,2814
0.74,score,0,13,0,37,2815
0.66,fit,1,17,0,32,2816
0.66,score,1,17,0,32,2817
0.8,score,0,10,0,40,2818
0.76,score,0,12,0,38,2819
0.8,score,0,10,0,40,2820
0.68,fit,0,16,0,34,2821
0.68,score,0,16,0,34,2822
0.7,score,0,15,0,35,2823
0.82,score,0,9,0,41,2824
0.7,score,0,15,0,35,2825
0.8,score,0,10,0,40,2826
0.68,fit,0,16,0,34,2827
0.68,score,0,16,0,34,2828
0.78,score,0,11,0,39,2829
0.76,score,1,12,0,37,2830
0.78,score,0,11,0,39,2831
0.78,score,0,11,0,39,2832
0.88,score,0,6,0,44,2833
0.64,fit,0,18,0,32,2834
0.64,score,0,18,0,32,2835
0.72,score,0,14,0,36,2836
0.7,score,0,15,0,35,2837
0.64,fit,0,18,0,32,2838
0.64,score,0,18,0,32,2839
0.7,score,0,15,0,35,2840
0.82,score,0,9,0,41,2841
0.68,fit,0,16,0,34,2842
0.68,score,0,16,0,34,2843
0.74,score,0,13,0,37,2844
0.76,score,1,12,0,37,2845
0.74,score,0,13,0,37,2846
0.78,score,1,11,0,38,2847
0.68,fit,0,16,0,34,2848
0.68,score,0,16,0,34,2849
0.86,score,0,7,0,43,2850
0.74,score,0,13,0,37,2851
0.72,score,0,14,0,36,2852
0.66,fit,0,17,0,33,2853
0.66,score,0,17,0,33,2854
0.8,score,0,10,0,40,2855
0.86,score,0,7,0,43,2856
0.8,score,0,10,0,40,2857
0.82,score,0,9,0,41,2858
0.78,score,1,11,0,38,2859
0.84,score,0,8,0,42,2860
0.78,score,0,11,0,39,2861
0.78,score,0,11,0,39,2862
0.76,score,0,12,0,38,2863
0.76,score,0,12,0,38,2864
0.7,score,0,15,0,35,2865
0.7,score,0,15,0,35,2866
0.82,score,0,9,0,41,2867
0.78,score,0,11,0,39,2868
0.76,score,0,12,0,38,2869
0.76,score,0,12,0,38,2870
0.76,score,0,12,0,38,2871
0.78,score,0,11,0,39,2872
0.78,score,0,11,0,39,2873
0.64,fit,0,18,0,32,2874
0.64,score,0,18,0,32,2875
0.78,score,0,11,0,39,2876
0.78,score,0,11,0,39,2877
0.78,score,0,11,0,39,2878
0.82,score,0,9,0,41,2879
0.74,score,0,13,0,37,2880
0.76,score,0,12,0,38,2881
0.78,score,0,11,0,39,2882
0.7,score,0,15,0,35,2883
0.7,score,0,15,0,35,2884
0.68,fit,0,16,0,34,2885
0.68,score,0,16,0,34,2886
0.88,score,1,6,0,43,2887
0.74,score,0,13,0,37,2888
0.72,score,0,14,0,36,2889
0.64,fit,0,18,0,32,2890
0.64,score,0,18,0,32,2891
0.8,score,0,10,0,40,2892
0.78,score,0,11,0,39,2893
0.72,score,0,14,0,36,2894
0.78,score,0,11,0,39,2895
0.76,score,0,12,0,38,2896
0.78,score,1,11,0,38,2897
0.66,fit,0,17,0,33,2898
0.66,score,0,17,0,33,2899
0.66,fit,0,17,0,33,2900
0.66,score,0,17,0,33,2901
0.72,score,1,14,0,35,2902
0.76,score,0,12,0,38,2903
0.78,score,0,11,0,39,2904
0.72,score,0,14,0,36,2905
0.76,score,0,12,0,38,2906
0.64,fit,0,18,0,32,2907
0.64,score,0,18,0,32,2908
0.72,score,0,14,0,36,2909
0.74,score,0,13,0,37,2910
0.64,fit,0,18,0,32,2911
0.64,score,0,18,0,32,2912
0.78,score,0,11,0,39,2913
0.78,score,1,11,0,38,2914
0.7,score,0,15,0,35,2915
0.78,score,0,11,0,39,2916
0.74,score,0,13,0,37,2917
0.8,score,0,10,0,40,2918
0.76,score,1,12,0,37,2919
0.78,score,0,11,0,39,2920
0.78,score,0,11,0,39,2921
0.82,score,0,9,0,41,2922
0.66,fit,1,17,0,32,2923
0.66,score,1,17,0,32,2924
0.74,score,0,13,0,37,2925
0.82,score,0,9,0,41,2926
0.74,score,1,13,0,36,2927
0.76,score,0,12,0,38,2928
0.74,score,1,13,0,36,2929
0.66,fit,0,17,0,33,2930
0.66,score,0,17,0,33,2931
0.76,score,0,12,0,38,2932
0.62,fit,0,19,0,31,2933
0.62,score,0,19,0,31,2934
0.74,score,0,13,0,37,2935
0.76,score,0,12,0,38,2936
0.62,fit,0,19,0,31,2937
0.62,score,0,19,0,31,2938
0.72,score,0,14,0,36,2939
0.82,score,0,9,0,41,2940
0.88,score,0,6,0,44,2941
0.72,score,0,14,0,36,2942
0.76,score,0,12,0,38,2943
0.86,score,0,7,0,43,2944
0.74,score,0,13,0,37,2945
0.72,score,0,14,0,36,2946
0.72,score,0,14,0,36,2947
0.74,score,0,13,0,37,2948
0.76,score,1,12,0,37,2949
0.76,score,0,12,0,38,2950
0.78,score,0,11,0,39,2951
0.82,score,0,9,0,41,2952
0.64,fit,0,18,0,32,2953
0.64,score,0,18,0,32,2954
0.64,fit,0,18,0,32,2955
0.64,score,0,18,0,32,2956
0.78,score,0,11,0,39,2957
0.74,score,0,13,0,37,2958
0.78,score,0,11,0,39,2959
0.72,score,0,14,0,36,2960
0.72,score,0,14,0,36,2961
0.82,score,0,9,0,41,2962
0.58,fit,0,21,0,29,2963
0.58,score,0,21,0,29,2964
0.66,fit,0,17,0,33,2965
0.66,score,0,17,0,33,2966
0.72,score,0,14,0,36,2967
0.76,score,0,12,0,38,2968
0.74,score,0,13,0,37,2969
0.74,score,0,13,0,37,2970
0.76,score,0,12,0,38,2971
0.74,score,0,13,0,37,2972
0.82,score,0,9,0,41,2973
0.72,score,0,14,0,36,2974
0.78,score,0,11,0,39,2975
0.76,score,0,12,0,38,2976
0.82,score,0,9,0,41,2977
0.58,fit,0,21,0,29,2978
0.58,score,0,21,0,29,2979
0.66,fit,0,17,0,33,2980
0.66,score,0,17,0,33,2981
0.76,score,0,12,0,38,2982
0.74,score,0,13,0,37,2983
0.76,score,0,12,0,38,2984
0.72,score,2,14,0,34,2985
0.68,fit,0,16,0,34,2986
0.68,score,0,16,0,34,2987
0.8,score,0,10,0,40,2988
0.76,score,0,12,0,38,2989
0.7,score,0,15,0,35,2990
0.74,score,0,13,0,37,2991
0.82,score,0,9,0,41,2992
0.72,score,0,14,0,36,2993
0.78,score,0,11,0,39,2994
0.72,score,0,14,0,36,2995
0.8,score,1,10,0,39,2996
0.66,fit,1,17,0,32,2997
0.66,score,1,17,0,32,2998
0.72,score,1,14,0,35,2999
0.76,score,0,12,0,38,3000
0.66,fit,0,17,0,33,3001
0.66,score,0,17,0,33,3002
0.8,score,1,10,0,39,3003
0.74,score,0,13,0,37,3004
0.76,score,0,12,0,38,3005
0.78,score,0,11,0,39,3006
0.78,score,0,11,0,39,3007
0.8,score,0,10,0,40,3008
0.72,score,0,14,0,36,3009
0.68,fit,1,16,0,33,3010
0.68,score,1,16,0,33,3011
0.66,fit,0,17,0,33,3012
0.66,score,0,17,0,33,3013
0.74,score,0,13,0,37,3014
0.82,score,0,9,0,41,3015
0.78,score,0,11,0,39,3016
0.76,score,0,12,0,38,3017
0.68,fit,1,16,0,33,3018
0.68,score,1,16,0,33,3019
0.7,score,0,15,0,35,3020
0.8,score,0,10,0,40,3021
0.78,score,0,11,0,39,3022
0.72,score,0,14,0,36,3023
0.76,score,0,12,0,38,3024
0.74,score,0,13,0,37,3025
0.76,score,0,12,0,38,3026
0.7,score,0,15,0,35,3027
0.82,score,0,9,0,41,3028
0.78,score,1,11,0,38,3029
0.66,fit,0,17,0,33,3030
0.66,score,0,17,0,33,3031
0.86,score,0,7,0,43,3032
0.8,score,0,10,0,40,3033
0.78,score,0,11,0,39,3034
0.78,score,0,11,0,39,3035
0.82,score,1,9,0,40,3036
0.74,score,1,13,0,36,3037
0.8,score,0,10,0,40,3038
0.8,score,1,10,0,39,3039
0.7,score,0,15,0,35,3040
0.66,fit,0,17,0,33,3041
0.66,score,0,17,0,33,3042
0.72,score,0,14,0,36,3043
0.76,score,0,12,0,38,3044
0.68,fit,1,16,0,33,3045
0.68,score,1,16,0,33,3046
0.76,score,1,12,0,37,3047
0.76,score,0,12,0,38,3048
0.76,score,0,12,0,38,3049
0.76,score,0,12,0,38,3050
0.9,score,0,5,0,45,3051
0.92,score,0,4,0,46,3052
0.78,score,0,11,0,39,3053
0.64,fit,1,18,0,31,3054
0.64,score,1,18,0,31,3055
0.84,score,1,8,0,41,3056
0.72,score,0,14,0,36,3057
0.74,score,0,13,0,37,3058
0.74,score,1,13,0,36,3059
0.8,score,0,10,0,40,3060
0.72,score,0,14,0,36,3061
0.82,score,0,9,0,41,3062
0.74,score,0,13,0,37,3063
0.78,score,0,11,0,39,3064
0.7,score,0,15,0,35,3065
0.84,score,0,8,0,42,3066
0.72,score,0,14,0,36,3067
0.86,score,0,7,0,43,3068
0.7,score,1,15,0,34,3069
0.78,score,1,11,0,38,3070
0.82,score,1,9,0,40,3071
0.72,score,0,14,0,36,3072
0.68,fit,0,16,0,34,3073
0.68,score,0,16,0,34,3074
0.72,score,0,14,0,36,3075
0.66,fit,0,17,0,33,3076
0.66,score,0,17,0,33,3077
0.74,score,2,13,0,35,3078
0.74,score,1,13,0,36,3079
0.74,score,0,13,0,37,3080
0.76,score,0,12,0,38,3081
0.86,score,1,7,0,42,3082
0.8,score,0,10,0,40,3083
0.72,score,0,14,0,36,3084
0.8,score,0,10,0,40,3085
0.74,score,1,13,0,36,3086
0.74,score,0,13,0,37,3087
0.78,score,0,11,0,39,3088
0.66,fit,0,17,0,33,3089
0.66,score,0,17,0,33,3090
0.76,score,0,12,0,38,3091
0.74,score,0,13,0,37,3092
0.72,score,0,14,0,36,3093
0.76,score,1,12,0,37,3094
0.76,score,0,12,0,38,3095
0.7,score,0,15,0,35,3096
0.82,score,1,9,0,40,3097
0.68,fit,0,16,0,34,3098
0.68,score,0,16,0,34,3099
0.72,score,1,14,0,35,3100
0.78,score,0,11,0,39,3101
0.7,score,0,15,0,35,3102
0.74,score,0,13,0,37,3103
0.8,score,0,10,0,40,3104
0.86,score,0,7,0,43,3105
0.64,fit,0,18,0,32,3106
0.64,score,0,18,0,32,3107
0.76,score,0,12,0,38,3108
0.66,fit,0,17,0,33,3109
0.66,score,0,17,0,33,3110
0.72,score,0,14,0,36,3111
0.7,score,0,15,0,35,3112
0.72,score,0,14,0,36,3113
0.78,score,1,11,0,38,3114
0.76,score,0,12,0,38,3115
0.78,score,0,11,0,39,3116
0.74,score,1,13,0,36,3117
0.74,score,0,13,0,37,3118
0.78,score,0,11,0,39,3119
0.88,score,2,6,0,42,3120
0.78,score,1,11,0,38,3121
0.78,score,0,11,0,39,3122
0.72,score,0,14,0,36,3123
0.9,score,0,5,0,45,3124
0.72,score,0,14,0,36,3125
0.72,score,0,14,0,36,3126
0.84,score,1,8,0,41,3127
0.7,score,0,15,0,35,3128
0.84,score,0,8,0,42,3129
0.72,score,0,14,0,36,3130
0.72,score,0,14,0,36,3131
0.84,score,1,8,0,41,3132
0.76,score,0,12,0,38,3133
0.86,score,0,7,0,43,3134
0.82,score,0,9,0,41,3135
0.8,score,1,10,0,39,3136
0.76,score,0,12,0,38,3137
0.66,fit,0,17,0,33,3138
0.66,score,0,17,0,33,3139
0.86,score,1,7,0,42,3140
0.76,score,0,12,0,38,3141
0.74,score,0,13,0,37,3142
0.72,score,0,14,0,36,3143
0.74,score,0,13,0,37,3144
0.72,score,0,14,0,36,3145
0.82,score,2,9,0,39,3146
0.78,score,0,11,0,39,3147
0.74,score,0,13,0,37,3148
0.82,score,0,9,0,41,3149
0.9,score,1,5,0,44,3150
0.78,score,0,11,0,39,3151
0.68,fit,1,16,0,33,3152
0.68,score,1,16,0,33,3153
0.72,score,0,14,0,36,3154
0.78,score,0,11,0,39,3155
0.78,score,0,11,0,39,3156
0.66,fit,1,17,0,32,3157
0.66,score,1,17,0,32,3158
0.8,score,0,10,0,40,3159
0.64,fit,1,18,0,31,3160
0.64,score,1,18,0,31,3161
0.7,score,0,15,0,35,3162
0.78,score,0,11,0,39,3163
0.76,score,0,12,0,38,3164
0.76,score,0,12,0,38,3165
0.82,score,0,9,0,41,3166
0.76,score,0,12,0,38,3167
0.88,score,0,6,0,44,3168
0.68,fit,0,16,0,34,3169
0.68,score,0,16,0,34,3170
0.8,score,1,10,0,39,3171
0.74,score,0,13,0,37,3172
0.74,score,1,13,0,36,3173
0.64,fit,0,18,0,32,3174
0.64,score,0,18,0,32,3175
0.76,score,0,12,0,38,3176
0.78,score,0,11,0,39,3177
0.76,score,0,12,0,38,3178
0.74,score,0,13,0,37,3179
0.82,score,0,9,0,41,3180
0.82,score,0,9,0,41,3181
0.78,score,0,11,0,39,3182
0.76,score,0,12,0,38,3183
0.7,score,0,15,0,35,3184
0.86,score,0,7,0,43,3185
0.76,score,0,12,0,38,3186
0.76,score,0,12,0,38,3187
0.78,score,0,11,0,39,3188
0.84,score,0,8,0,42,3189
0.76,score,2,12,0,36,3190
0.72,score,0,14,0,36,3191
0.74,score,0,13,0,37,3192
0.76,score,0,12,0,38,3193
0.74,score,1,13,0,36,3194
0.6,fit,0,20,0,30,3195
0.6,score,0,20,0,30,3196
0.74,score,0,13,0,37,3197
0.74,score,0,13,0,37,3198
0.72,score,0,14,0,36,3199
0.76,score,0,12,0,38,3200
0.78,score,1,11,0,38,3201
0.82,score,0,9,0,41,3202
0.7,score,1,15,0,34,3203
0.74,score,0,13,0,37,3204
0.78,score,0,11,0,39,3205
0.86,score,0,7,0,43,3206
0.84,score,1,8,0,41,3207
0.68,fit,0,16,0,34,3208
0.68,score,0,16,0,34,3209
0.76,score,0,12,0,38,3210
0.84,score,0,8,0,42,3211
0.64,fit,0,18,0,32,3212
0.64,score,0,18,0,32,3213
0.78,score,0,11,0,39,3214
0.76,score,1,12,0,37,3215
0.76,score,0,12,0,38,3216
0.76,score,1,12,0,37,3217
0.74,score,0,13,0,37,3218
0.78,score,0,11,0,39,3219
0.74,score,1,13,0,36,3220
0.64,fit,0,18,0,32,3221
0.64,score,0,18,0,32,3222
0.78,score,1,11,0,38,3223
0.84,score,0,8,0,42,3224
0.7,score,2,15,0,33,3225
0.8,score,1,10,0,39,3226
0.84,score,1,8,0,41,3227
0.74,score,1,13,0,36,3228
0.76,score,0,12,0,38,3229
0.8,score,1,10,0,39,3230
0.76,score,0,12,0,38,3231
0.78,score,0,11,0,39,3232
0.84,score,0,8,0,42,3233
0.82,score,0,9,0,41,3234
0.88,score,0,6,0,44,3235
0.72,score,0,14,0,36,3236
0.66,fit,0,17,0,33,3237
0.66,score,0,17,0,33,3238
0.8,score,1,10,0,39,3239
0.78,score,1,11,0,38,3240
0.86,score,0,7,0,43,3241
0.76,score,1,12,0,37,3242
0.66,fit,0,17,0,33,3243
0.66,score,0,17,0,33,3244
0.8,score,0,10,0,40,3245
0.72,score,1,14,0,35,3246
0.7,score,0,15,0,35,3247
0.8,score,0,10,0,40,3248
0.76,score,0,12,0,38,3249
0.86,score,1,7,0,42,3250
0.82,score,0,9,0,41,3251
0.8,score,0,10,0,40,3252
0.66,fit,1,17,0,32,3253
0.66,score,1,17,0,32,3254
0.74,score,1,13,0,36,3255
0.66,fit,0,17,0,33,3256
0.66,score,0,17,0,33,3257
0.76,score,0,12,0,38,3258
0.78,score,0,11,0,39,3259
0.68,fit,1,16,0,33,3260
0.68,score,1,16,0,33,3261
0.86,score,1,7,0,42,3262
0.74,score,1,13,0,36,3263
0.68,fit,0,16,0,34,3264
0.68,score,0,16,0,34,3265
0.7,score,0,15,0,35,3266
0.84,score,3,8,0,39,3267
0.84,score,0,8,0,42,3268
0.72,score,0,14,0,36,3269
0.62,fit,0,19,0,31,3270
0.62,score,0,19,0,31,3271
0.68,fit,1,16,0,33,3272
0.68,score,1,16,0,33,3273
0.8,score,1,10,0,39,3274
0.66,fit,0,17,0,33,3275
0.66,score,0,17,0,33,3276
0.78,score,0,11,0,39,3277
0.64,fit,0,18,0,32,3278
0.64,score,0,18,0,32,3279
0.74,score,0,13,0,37,3280
0.82,score,0,9,0,41,3281
0.72,score,0,14,0,36,3282
0.8,score,2,10,0,38,3283
0.86,score,0,7,0,43,3284
0.62,fit,0,19,0,31,3285
0.62,score,0,19,0,31,3286
0.82,score,0,9,0,41,3287
0.76,score,1,12,0,37,3288
0.8,score,0,10,0,40,3289
0.8,score,1,10,0,39,3290
0.76,score,0,12,0,38,3291
0.74,score,0,13,0,37,3292
0.78,score,0,11,0,39,3293
0.8,score,0,10,0,40,3294
0.84,score,1,8,0,41,3295
0.82,score,1,9,0,40,3296
0.74,score,1,13,0,36,3297
0.72,score,0,14,0,36,3298
0.64,fit,1,18,0,31,3299
0.64,score,1,18,0,31,3300
0.8,score,1,10,0,39,3301
